ID,GRADO,FUERZA ARMADA,ARMA/SERVICIO,LUGAR Y/O MPIO.,ESTADO,FECHA,UNIDAD,EVENTO,YEAR,MONTH
3,SARGENTO 2/o.,EJERCITO,CONDUCTOR,NUEVO LAREDO.,TAMAULIPAS,2007-01-10,"REGIMIENTODECABALLERIAMOTORIZADO","AGRESIONCONARMADFUEGO.",2007,1
5,CABO,EJERCITO,INFANTERIA,CRUCE DE LA AV. A. OBREGON.,SINALOA,2007-02-02,"BATALLONDEINFANTERIA","AGRESIONCONARMADFUEGO.",2007,2
6,SOLDADO,EJERCITO,INTENDENCIA,CRUCE DE LA AV. A. OBREGON.,SINALOA,2007-02-02,"JFA. REGIONAL SV.ADMON. E INT.","AGRESIONCONARMADFUEGO.",2007,2
16,CORONEL,EJERCITO,"INFANTERIADIPLOMADODE ESTADO MAYOR",CARACUARO.,MICHOACAN,2007-05-01,"BATALLONDEINFANTERIA","AGRESIONCONARMADFUEGO.",2007,5
17,SARGENTO 2/o.,EJERCITO,INFANTERIA,CARACUARO.,MICHOACAN,2007-05-01,"BATALLONDEINFANTERIA","AGRESIONCONARMADFUEGO.",2007,5
18,CABO,EJERCITO,INFANTERIA,CARACUARO.,MICHOACAN,2007-05-01,"BATALLONDEINFANTERIA","AGRESIONCONARMADFUEGO.",2007,5
19,CABO,EJERCITO,ESCRIBIENTE,CARACUARO.,MICHOACAN,2007-05-01,"BATALLONDEINFANTERIA","AGRESIONCONARMADEFUEGO.",2007,5
20,CABO,EJERCITO,CONDUCTOR,CARACUARO.,MICHOACAN,2007-05-01,"BATALLONDEINFANTERIA","AGRESIONCONARMADEFUEGO.",2007,5
27,SOLDADO,EJERCITO,INFANTERIA,SAN IGNACIO.,SINALOA,2007-05-31,"COMPAÑIADEINFANTERIANOENCUADRADA","AGRESIONCONARMADEFUEGO.",2007,5
31,SOLDADO,EJERCITO,POLICIA MILITAR,TIJUANA,BAJA CALIFORNIA,2007-07-28,"BATALLONDEPOLICIAMILITAR","AGRESIONCONARMADEFUEGO.",2007,7
35,TENIENTE,EJERCITO,INFANTERIA,QUIRIEGO,SONORA,2007-10-27,"BATALLONDEINFANTERIA","AGRESIONCONARMADEFUEGO.",2007,10
37,TENIENTE,EJERCITO,CABALLERIA,TORREON,COAHUILA,2007-12-18,CUARTEL GENERAL,"AGRESIONCONARMADEFUEGO.",2007,12
38,TENIENTE,EJERCITO,CABALLERIA,TORREON,COAHUILA,2007-12-18,GUARNICION MILITAR,"AGRESIONCONARMADEFUEGO.",2007,12
39,SUBTENIENTE,EJERCITO,INFANTERIA,TORREON,COAHUILA,2007-12-18,"BATALLONDEINFANTERIA","AGRESIONCONARMADEFUEGO.",2007,12
40,CORONEL,EJERCITO,INFANTERIA,USPERO,MICHOACAN,2008-02-06,"BATALLONDEINFANTERIA","AGRESIONCONARMADEFUEGO.",2008,2
41,CAPITAN 1/o.,EJERCITO,INFANTERIA,CHIHUAHUA,CHIHUAHUA,2008-03-08,CUARTEL GENERAL,"AGRESIONCONARMADEFUEGO.",2008,3
42,CABO,EJERCITO,INFANTERIA,TEMPOAL,VERACRUZ,2008-03-19,"BATALLONDEINFANTERIA","AGRESIONCONARMADEFUEGO.",2008,3
57,SOLDADO,EJERCITO,CABALLERIA,MIER,TAMAULIPAS,2008-04-30,"REGIMIENTODECABALLERIAMOTORIZADO","AGRESIONCONARMADEFUEGO.",2008,4
64,TENIENTE,EJERCITO,ARMA BLINDADA,"ENTRE TEPESALA Y RINCON DEROMOS",AGUASCALIENTES,2008-08-14,"REGIMIENTOMECANIZADO","AGRESIONCONARMADEFUEGO.",2008,8
68,CABO,EJERCITO,INFANTERIA,PAPANTLA,VERACRUZ,2008-08-25,"BATALLONDEINFANTERIA","AGRESIONCONARMADEFUEGO.",2008,8
69,CABO,EJERCITO,CABALLERIA,CD. REYNOSA,TAMAULIPAS,2008-09-03,"REGIMIENTODECABALLERIAMOTORIZADO","AGRESIONCONARMADEFUEGO.",2008,9
70,CABO,EJERCITO,INFANTERIA,CIUDAD JUAREZ,CHIHUAHUA,2008-09-05,"BATALLONDEINFANTERIA","AGRESIONCONARMADEFUEGO.",2008,9
71,SOLDADO,EJERCITO,INFANTERIA,"EJIDO    18    DE    MARZO,    MPIO.GOMEZ PALACIO",DURANGO,2008-10-11,"BATALLONDEINFANTERIA","AGRESIONCONARMADEFUEGO.",2008,10
73,SARGENTO 1/o.,EJERCITO,ARTILLERIA,CD. REYNOSA,TAMAULIPAS,2008-10-13,FUERZAS ESPECIALES,"AGRESIONCONARMADEFUEGO.",2008,10
74,CABO,EJERCITO,CABALLERIA,TIJUANA,BAJA CALIFORNIA,2008-10-15,FUERZAS ESPECIALES,"AGRESIONCONARMADEFUEGO.",2008,10
78,SOLDADO,EJERCITO,CABALLERIA,"EL    RANCHO    “EL    BARRANCO”MPIO. BURGOS",TAMAULIPAS,2008-10-16,"REGIMIENTODECABALLERIAMOTORIZADO","AGRESIONCONARMADEFUEGO.",2008,10
85,CABO,EJERCITO,INFANTERIA,"PALOS ALTOS, MPIO. ARCELIA",GUERRERO,2008-12-07,"BATALLONDEINFANTERIA","AGRESIONCONARMADEFUEGO.",2008,12
97,SARGENTO 2/o.,EJERCITO,CONDUCTOR,FRESNILLO,ZACATECAS,2009-02-07,"BATALLONDEINFANTERIA","AGRESIONCONARMADEFUEGO.",2009,2
98,SARGENTO 2/o.,EJERCITO,CABALLERIA,SAMALAYUCA,CHIHUAHUA,2009-02-10,"BATALLONDEINFANTERIA","AGRESIONCONARMADEFUEGO.",2009,2
99,CAPITAN 1/o.,EJERCITO,INFANTERIA,MPIO. URUACHIC,CHIHUAHUA,2009-02-22,"BATALLONDEINFANTERIA","AGRESIONCONARMADEFUEGO.",2009,2
103,SOLDADO,EJERCITO,INFANTERIA,"SAN NICOLAS DEL ORO, MPIO. DESAN MIGUEL TOTOLAPAN",GUERRERO,2009-04-15,"BATALLONDEINFANTERIA","AGRESIONCONARMADEFUEGO.",2009,4
109,CABO,EJERCITO,INFANTERIA,"RANCHO CORRALITOS, MPIO. ELSANTO PUEBLO NUEVO",DURANGO,2009-05-27,"COMPAÑIADEINFANTERIANOENCUADRADA","AGRESIONCONARMADEFUEGO.",2009,5
110,SOLDADO,EJERCITO,INFANTERIA,"RANCHO CORRALITOS, MPIO. ELSANTO PUEBLO NUEVO",DURANGO,2009-05-27,"COMPAÑIADEINFANTERIANOENCUADRADA","AGRESIONCONARMADEFUEGO.",2009,5
111,CAPITAN 2/o.,EJERCITO,INFANTERIA,ACAPULCO,GUERRERO,2009-06-06,"BATALLONDEINFANTERIA","AGRESIONCONARMADEFUEGO.",2009,6
112,SOLDADO,EJERCITO,TRANSMISIONES,ACAPULCO,GUERRERO,2009-06-06,"BATALLONDEINFANTERIA","AGRESIONCONARMADEFUEGO.",2009,6
122,SOLDADO,EJERCITO,POLICIA MILITAR,CIUDAD JUAREZ,CHIHUAHUA,2009-08-22,"BATALLONDEPOLICIAMILITAR","AGRESIONCONARMADEFUEGO.",2009,8
128,SOLDADO,EJERCITO,INFANTERIA,"GALEANA, CHIH.",CHIHUAHUA,2009-10-08,"BATALLONDEINFANTERIA","AGRESIONCONARMADEFUEGO.",2009,10
131,SOLDADO,EJERCITO,ARMA BLINDADA,EJIDO EL REFUGIO REYNOSA,TAMAULIPAS,2009-11-12,"REGIMIENTOBLINDADODE RECONOCIMIENTO","AGRESIONCONARMADEFUEGO.",2009,11
134,TENIENTE,EJERCITO,INFANTERIA,MPIO. DE BUENAVISTA TOMATLAN,MICHOACAN,2009-11-26,"BATALLONDEINFANTERIA","AGRESIONCONARMADEFUEGO.",2009,11
135,SARGENTO 2/o.,EJERCITO,ARMA BLINDADA,"NUEVO  PROGRESO,  MPIO.  RIOBRAVO",TAMAULIPAS,2009-12-05,"REGIMIENTOBLINDADODE RECONOCIMIENTO","AGRESIONCONARMADEFUEGO.",2009,12
138,SOLDADO,EJERCITO,TRANSMISIONES,ASERRADERO SAN VICENTE,SINALOA,2010-01-04,"BATALLONDEINFANTERIA","AGRESIONCONARMADEFUEGO.",2010,1
139,CABO,EJERCITO,INFANTERIA,LA PIEDAD,MICHOACAN,2010-01-07,"BATALLONDEINFANTERIA","AGRESIONCONARMADEFUEGO.",2010,1
142,SOLDADO,EJERCITO,SANIDAD,MPIO. DR. ARROYO,NUEVO LEON,2010-01-24,"BATALLONDEINFANTERIA","AGRESIONCONARMADEFUEGO.",2010,1
143,SOLDADO,EJERCITO,INFANTERIA,MPIO. DR. ARROYO,NUEVO LEON,2010-01-24,"BATALLONDEINFANTERIA","AGRESIONCONARMADEFUEGO.",2010,1
146,TENIENTE,EJERCITO,INFANTERIA,MPIO. SAN SEBASTIAN DEL OESTE,JALISCO,2010-02-01,"COMPAÑIADEINFANTERIANOENCUADRADA","AGRESIONCONARMADEFUEGO.",2010,2
147,SOLDADO,EJERCITO,INFANTERIA,MPIO. SAN SEBASTIAN DEL OESTE,JALISCO,2010-02-01,"COMPAÑIADEINFANTERIANOENCUADRADA","AGRESIONCONARMADEFUEGO.",2010,2
150,SARGENTO 2/o.,EJERCITO,CABALLERIA,MIGUEL ALEMAN,TAMAULIPAS,2010-02-23,"REGIMIENTODECABALLERIAMOTORIZADO","AGRESIONCONARMADEFUEGO.",2010,2
151,CABO,EJERCITO,INFANTERIA,APODACA,NUEVO LEON,2010-02-27,"BATALLONDEINFANTERIA","AGRESIONCONARMADEFUEGO.",2010,2
152,SOLDADO,EJERCITO,INFANTERIA,MPIO. ANAHUAC,NUEVO LEON,2010-03-02,"BATALLONDEINFANTERIA","AGRESIONCONARMADEFUEGO.",2010,3
153,SARGENTO 2/o.,EJERCITO,INFANTERIA,MPIO. ANAHUAC,NUEVO LEON,2010-03-03,"BATALLONDEINFANTERIA","AGRESIONCONARMADEFUEGO.",2010,3
154,SARGENTO 2/o.,EJERCITO,AUXILIAR CARPINTERO,"COL. EL SAUCITO, CHIHUAHUA",CHIHUAHUA,2010-03-09,CUARTEL GENERAL,"AGRESIONCONARMADEFUEGO.",2010,3
155,CABO,EJERCITO,INFANTERIA,"COL. EL SAUCITO, CHIHUAHUA",CHIHUAHUA,2010-03-09,"BATALLONDEINFANTERIA","AGRESIONCONARMADEFUEGO.",2010,3
156,SOLDADO,EJERCITO,INFANTERIA,AJUCHITLAN DEL PROGRESO,GUERRERO,2010-03-13,"BATALLONDEINFANTERIA","AGRESIONCONARMADEFUEGO.",2010,3
157,CABO,EJERCITO,INFANTERIA,REYNOSA,TAMAULIPAS,2010-03-18,FUERZAS ESPECIALES,"AGRESIONCONARMADEFUEGO.",2010,3
159,CABO,EJERCITO,SANIDAD,"CD. VICTORIA, TAMPS.",TAMAULIPAS,2010-03-19,"BATALLONDEINFANTERIA","AGRESIONCONARMADEFUEGO.",2010,3
160,SOLDADO,EJERCITO,INFANTERIA,VERACRUZ,VERACRUZ,2010-03-23,"BATALLONDEINFANTERIA","AGRESIONCONARMADEFUEGO.",2010,3
161,CABO,EJERCITO,INFANTERIA,"TAYOLTITA, MPIO. DE SAN DIMAS",DURANGO,2010-03-27,"BATALLONDEINFANTERIA","AGRESIONCONARMADEFUEGO.",2010,3
163,CABO,EJERCITO,INFANTERIA,LOS COMALES,TAMAULIPAS,2010-04-13,"BATALLONDEINFANTERIA","AGRESIONCONARMADEFUEGO.",2010,4
164,SOLDADO,EJERCITO,INFANTERIA,LOS COMALES,TAMAULIPAS,2010-04-13,"BATALLONDEINFANTERIA","AGRESIONCONARMADEFUEGO.",2010,4
165,CABO,EJERCITO,INFANTERIA,ACAPULCO,GUERRERO,2010-04-22,"COMPAÑIADEINFANTERIANOENCUADRADA","AGRESIONCONARMADEFUEGO.",2010,4
166,TENIENTE,EJERCITO,INFANTERIA,"BUENAVISTA,          MPIO.          DEMATEHUALA",SAN LUIS POTOSÍ,2010-05-04,"BATALLONDEPOLICIAMILITAR","AGRESIONCONARMADEFUEGO.",2010,5
167,SOLDADO,EJERCITO,INFANTERIA,MPIO. DE POZA RICA,VERACRUZ,2010-05-18,"BATALLONDEINFANTERIA","AGRESIONCONARMADEFUEGO.",2010,5
169,SOLDADO,EJERCITO,CABALLERIA,MPIO. DE PIEDRAS NEGRAS,COAHUILA,2010-05-26,"REGIMIENTODECABALLERIAMOTORIZADO","AGRESIONCONARMADEFUEGO.",2010,5
175,SOLDADO,EJERCITO,CABALLERIA,NUEVO LAREDO.,TAMAULIPAS,2010-06-15,"REGIMIENTODECABALLERIAMOTORIZADO","AGRESIONCONARMADEFUEGO.",2010,6
176,TENIENTE,EJERCITO,INFANTERIA,MPIO. MIGUEL ALEMAN,TAMAULIPAS,2010-06-17,"BATALLONDEFUSILEROSPARACAIDISTAS","AGRESIONCONARMADEFUEGO.",2010,6
177,CABO,FUERZA AEREA,FUSILERO PARACAIDISTA,MPIO. MIGUEL ALEMAN,TAMAULIPAS,2010-06-17,"BATALLONDEFUSILEROSPARACAIDISTAS","AGRESIONCONARMADEFUEGO.",2010,6
178,CABO,FUERZA AEREA,FUSILERO PARACAIDISTA,MPIO. MIGUEL ALEMAN,TAMAULIPAS,2010-06-17,"BATALLONDEFUSILEROSPARACAIDISTAS","AGRESIONCONARMADEFUEGO.",2010,6
179,SUBTENIENTE,EJERCITO,INFANTERIA,TEPIC,NAYARIT,2010-06-18,"BATALLONDEINFANTERIA","AGRESIONCONARMADEFUEGO.",2010,6
191,CABO,EJERCITO,INFANTERIA,MPIO. DE RIO VERDE,SAN LUIS POTOSÍ,2010-06-27,"BATALLONDEINFANTERIA","AGRESIONCONARMADEFUEGO.",2010,6
193,SOLDADO,EJERCITO,CABALLERIA,REYNOSA,TAMAULIPAS,2010-07-11,"REGIMIENTODECABALLERIAMOTORIZADO","AGRESIONCONARMADEFUEGO.",2010,7
194,CABO,EJERCITO,CABALLERIA,NUEVO LAREDO.,TAMAULIPAS,2010-07-16,"REGIMIENTODECABALLERIAMOTORIZADO","AGRESIONCONARMADEFUEGO.",2010,7
195,SARGENTO 2/o.,FUERZA AEREA,FUSILERO PARACAIDISTA,"A    8    KMS.    AL    SURESTE   DEGUADALUPE DE LOS REYES",SINALOA,2010-07-17,FUERZAS ESPECIALES,"AGRESIONCONARMADEFUEGO.",2010,7
196,TENIENTE,EJERCITO,ARTILLERIA,ZAPOPAN,JALISCO,2010-07-29,FUERZAS ESPECIALES,"AGRESIONCONARMADEFUEGO.",2010,7
197,CABO,EJERCITO,CABALLERIA,REYNOSA,TAMAULIPAS,2010-08-06,"REGIMIENTODECABALLERIAMOTORIZADO","AGRESIONCONARMADEFUEGO.",2010,8
198,SOLDADO,EJERCITO,TRANSMISIONES,REYNOSA,TAMAULIPAS,2010-08-06,"REGIMIENTODECABALLERIAMOTORIZADO","AGRESIONCONARMADEFUEGO.",2010,8
200,SOLDADO,EJERCITO,CABALLERIA,MATAMOROS,TAMAULIPAS,2010-08-20,"REGIMIENTODECABALLERIAMOTORIZADO","AGRESIONCONARMADEFUEGO.",2010,8
201,TENIENTE,EJERCITO,CABALLERIA,REYNOSA,TAMAULIPAS,2010-08-24,"REGIMIENTODECABALLERIAMOTORIZADO","AGRESIONCONARMADEFUEGO.",2010,8
202,CABO,EJERCITO,CABALLERIA,REYNOSA,TAMAULIPAS,2010-08-24,"REGIMIENTODECABALLERIAMOTORIZADO","AGRESIONCONARMADEFUEGO.",2010,8
203,SOLDADO,EJERCITO,CABALLERIA,REYNOSA,TAMAULIPAS,2010-08-24,"REGIMIENTODECABALLERIAMOTORIZADO","AGRESIONCONARMADEFUEGO.",2010,8
204,SOLDADO,EJERCITO,CABALLERIA,REYNOSA,TAMAULIPAS,2010-08-24,"REGIMIENTODECABALLERIAMOTORIZADO","AGRESIONCONARMADEFUEGO.",2010,8
205,SOLDADO,EJERCITO,INFANTERIA,PANUCO,VERACRUZ,2010-08-30,"BATALLONDEINFANTERIA","AGRESIONCONARMADEFUEGO.",2010,8
210,SOLDADO,EJERCITO,INFANTERIA,MONTERREY,NUEVO LEON,2010-10-21,"BATALLONDEINFANTERIA","AGRESIONCONARMADEFUEGO.",2010,10
212,SARGENTO 2/o.,EJERCITO,INFANTERIA,"FRACCIONAMIENTO VALLE ALTO,MATAMOROS",TAMAULIPAS,2010-11-05,FUERZAS ESPECIALES,"AGRESIONCONARMADEFUEGO.",2010,11
214,CABO,EJERCITO,INFANTERIA,CD. MIER,TAMAULIPAS,2010-11-13,FUERZAS ESPECIALES,"AGRESIONCONARMADEFUEGO.",2010,11
215,CABO,EJERCITO,INFANTERIA,CD. MIER,TAMAULIPAS,2010-11-13,FUERZAS ESPECIALES,"AGRESIONCONARMADEFUEGO.",2010,11
216,CABO,EJERCITO,INFANTERIA,CD. MIER,TAMAULIPAS,2010-11-13,"BATALLONDEINFANTERIA","AGRESIONCONARMADEFUEGO.",2010,11
217,SOLDADO,EJERCITO,INFANTERIA,CD. MIER,TAMAULIPAS,2010-11-13,"BATALLONDEINFANTERIA","AGRESIONCONARMADEFUEGO.",2010,11
228,SOLDADO,EJERCITO,CABALLERIA,CD.REYNOSA,TAMAULIPAS,2011-01-12,"REGIMIENTODECABALLERIAMOTORIZADO","AGRESIONCONARMADEFUEGO.",2011,1
229,TENIENTE,EJERCITO,INFANTERIA,XALAPA,VERACRUZ,2011-01-13,"BATALLONDEINFANTERIA","AGRESIONCONARMADEFUEGO.",2011,1
230,SARGENTO 1/o.,EJERCITO,INFANTERIA,XALAPA,VERACRUZ,2011-01-13,"BATALLONDEINFANTERIA","AGRESIONCONARMADEFUEGO.",2011,1
232,CABO,FUERZA AEREA,FUSILERO PARACAIDISTA,MPIO. GUSTAVO DIAZ ORDAZ,TAMAULIPAS,2011-01-24,FUERZAS ESPECIALES,"AGRESIONCONARMADEFUEGO.",2011,1
233,SOLDADO,EJERCITO,INFANTERIA,TABASCO,ZACATECAS,2011-02-09,"BATALLONDEINFANTERIA","AGRESIONCONARMADEFUEGO.",2011,2
234,CABO,EJERCITO,MATERIALES DE GUERRA,MPIO. DE RAMOS ARIZPE,COAHUILA,2011-03-06,"BATALLONDEINFANTERIA","AGRESIONCONARMADEFUEGO.",2011,3
240,TENIENTE,EJERCITO,INFANTERIA,COMUNIDAD EL ESCONDIDO,GUERRERO,2011-03-29,"BATALLONDEINFANTERIA","AGRESIONCONARMADEFUEGO.",2011,3
241,CABO,EJERCITO,INFANTERIA,COMUNIDAD EL ESCONDIDO,GUERRERO,2011-03-29,"BATALLONDEINFANTERIA","AGRESIONCONARMADEFUEGO.",2011,3
243,SOLDADO,EJERCITO,INFANTERIA,ACAPULCO,GUERRERO,2011-04-04,"BATALLONDEINFANTERIA","AGRESIONCONARMADEFUEGO.",2011,4
245,SOLDADO,EJERCITO,INFANTERIA,CD. MIER,TAMAULIPAS,2011-04-21,"BATALLONDEINFANTERIA","AGRESIONCONARMADEFUEGO.",2011,4
246,TENIENTE,EJERCITO,INFANTERIA,CD. ALTAMIRANO,GUERRERO,2011-04-29,"BATALLONDEINFANTERIA","AGRESIONCONARMADEFUEGO.",2011,4
248,SUBTENIENTE,EJERCITO,INFANTERIA,SAN LUIS POTOSI,SAN LUIS POTOSÍ,2011-05-11,"BATALLONDEINFANTERIA","AGRESIONCONARMADEFUEGO.",2011,5
249,CABO,EJERCITO,INFANTERIA,MONCLOVA,COAHUILA,2011-05-18,"BATALLONDEINFANTERIA","AGRESIONCONARMADEFUEGO.",2011,5
250,SOLDADO,EJERCITO,SANIDAD,MONCLOVA,COAHUILA,2011-05-18,"BATALLONDEINFANTERIA","AGRESIONCONARMADEFUEGO.",2011,5
251,SOLDADO,EJERCITO,INFANTERIA,MAZATLAN,SINALOA,2011-06-01,"COMPAÑIADEINFANTERIANOENCUADRADA","AGRESIONCONARMADEFUEGO.",2011,6
252,SOLDADO,EJERCITO,INFANTERIA,SALINAS VICTORIA,NUEVO LEON,2011-06-02,"BATALLONDEINFANTERIA","AGRESIONCONARMADEFUEGO.",2011,6
253,SOLDADO,EJERCITO,INFANTERIA,SALINAS VICTORIA,NUEVO LEON,2011-06-02,"BATALLONDEINFANTERIA","AGRESIONCONARMADEFUEGO.",2011,6
254,CABO,EJERCITO,POLICIA MILITAR,MONTERREY,NUEVO LEON,2011-06-14,"BATALLONDEOPERACIONESESPECIALES","AGRESIONCONARMADEFUEGO.",2011,6
255,SARGENTO 2/o.,EJERCITO,CABALLERIA,CD. REYNOSA,TAMAULIPAS,2011-06-22,"REGIMIENTODECABALLERIAMOTORIZADO","AGRESIONCONARMADEFUEGO.",2011,6
257,CABO,EJERCITO,CABALLERIA,CENTRO DE NUEVO LAREDO,TAMAULIPAS,2011-08-02,"REGIMIENTODECABALLERIAMOTORIZADO","AGRESIONCONARMADEFUEGO.",2011,8
258,SOLDADO,EJERCITO,CABALLERIA,COL. VILLAFLORIDA CD. REYNOSA,TAMAULIPAS,2011-08-09,"REGIMIENTODECABALLERIAMOTORIZADO","AGRESIONCONARMADEFUEGO.",2011,8
259,SOLDADO,EJERCITO,TRANSMISIONES,COL. VILLAFLORIDA CD. REYNOSA,TAMAULIPAS,2011-08-09,"REGIMIENTODECABALLERIAMOTORIZADO","AGRESIONCONARMADEFUEGO.",2011,8
260,CABO,EJERCITO,INFANTERIA,MPIO. DE GUACHOCHI,CHIHUAHUA,2011-08-15,"BATALLONDEINFANTERIA","AGRESIONCONARMADEFUEGO.",2011,8
262,SOLDADO,EJERCITO,TRANSMISIONES,MPIO. DE SAN FERNANDO,TAMAULIPAS,2011-08-18,"BATALLONDEINFANTERIA","AGRESIONCONARMADEFUEGO.",2011,8
263,TENIENTE,EJERCITO,INFANTERIA,JALPA,ZACATECAS,2011-08-21,"BATALLONDEINFANTERIA","AGRESIONCONARMADEFUEGO.",2011,8
264,SUBTENIENTE,EJERCITO,INFANTERIA,JALPA,ZACATECAS,2011-08-22,"BATALLONDEINFANTERIA","AGRESIONCONARMADEFUEGO.",2011,8
265,SOLDADO,EJERCITO,INFANTERIA,"MPIO.   DE   SANTA   CLARA   DELCOBRE",MICHOACAN,2011-08-24,"COMPAÑIADEINFANTERIANOENCUADRADA","AGRESIONCONARMADEFUEGO.",2011,8
269,CABO,EJERCITO,CONDUCTOR,NUEVO LAREDO.,TAMAULIPAS,2011-09-02,"BATALLONDEOPERACIONESESPECIALES","AGRESIONCONARMADEFUEGO.",2011,9
270,SOLDADO,EJERCITO,CABALLERIA,MATAMOROS,TAMAULIPAS,2011-09-05,"REGIMIENTODECABALLERIAMOTORIZADO","AGRESIONCONARMADEFUEGO.",2011,9
271,TENIENTE,EJERCITO,INFANTERIA,"SAN   LUIS   SAN   PEDRO,   MPIO.TECPAN DE GALEANA",GUERRERO,2011-09-20,"BATALLONDEINFANTERIA","AGRESIONCONARMADEFUEGO.",2011,9
272,SOLDADO,EJERCITO,INFANTERIA,"SAN   LUIS   SAN   PEDRO,   MPIO.TECPAN DE GALEANA",GUERRERO,2011-09-20,"BATALLONDEINFANTERIA","AGRESIONCONARMADEFUEGO.",2011,9
273,SOLDADO,EJERCITO,INFANTERIA,"SAN   LUIS   SAN   PEDRO,   MPIO.TECPAN DE GALEANA",GUERRERO,2011-09-20,"BATALLONDEINFANTERIA","AGRESIONCONARMADEFUEGO.",2011,9
274,SOLDADO,EJERCITO,SANIDAD,MPIO. DE VALLECILLOS,NUEVO LEON,2011-10-12,"BATALLONDEINFANTERIA","AGRESIONCONARMADEFUEGO.",2011,10
275,SOLDADO,EJERCITO,INFANTERIA,TANCITARO,MICHOACAN,2011-10-19,"BATALLONDEINFANTERIA","AGRESIONCONARMADEFUEGO.",2011,10
276,CABO,EJERCITO,POLICIA MILITAR,NUEVO LAREDO.,TAMAULIPAS,2011-10-23,"BATALLONDEPOLICIAMILITAR","AGRESIONCONARMADEFUEGO.",2011,10
277,SOLDADO,EJERCITO,SANIDAD,NUEVO LAREDO.,TAMAULIPAS,2011-11-19,"REGIMIENTODECABALLERIAMOTORIZADO","AGRESIONCONARMADEFUEGO.",2011,11
280,SOLDADO,EJERCITO,INFANTERIA,COATEPEC- XICO,VERACRUZ,2011-11-26,"BATALLONDEINFANTERIA","AGRESIONCONARMADEFUEGO.",2011,11
281,SOLDADO,EJERCITO,INFANTERIA,MPIO. GRAL. BRAVO,NUEVO LEON,2011-12-03,"BATALLONDEINFANTERIA","AGRESIONCONARMADEFUEGO.",2011,12
286,CABO,EJERCITO,INFANTERIA,SALTILLO,COAHUILA,2011-12-15,"BATALLONDEINFANTERIA","AGRESIONCONARMADEFUEGO.",2011,12
287,SOLDADO,EJERCITO,INFANTERIA,PIEDRAS NEGRAS,COAHUILA,2011-12-15,"BATALLONDEINFANTERIA","AGRESIONCONARMADEFUEGO.",2011,12
289,SARGENTO 2/o.,EJERCITO,CONDUCTOR,TANGAMANDAPIO,MICHOACAN,2012-01-04,"BATALLONDEINFANTERIA","AGRESIONCONARMADEFUEGO.",2012,1
290,SOLDADO,EJERCITO,INFANTERIA,CD. VICTORIA,TAMAULIPAS,2012-01-16,"BATALLONDEINFANTERIA","AGRESIONCONARMADEFUEGO.",2012,1
291,CABO,EJERCITO,INFANTERIA,ESCOBEDO,NUEVO LEON,2012-01-20,"BATALLONDEINFANTERIA","AGRESIONCONARMADEFUEGO.",2012,1
293,SARGENTO 2/o.,EJERCITO,CABALLERIA,NUEVO LAREDO.,TAMAULIPAS,2012-01-27,"REGIMIENTODECABALLERIAMOTORIZADO","AGRESIONCONARMADEFUEGO.",2012,1
294,CABO,EJERCITO,INFANTERIA,GUASAVE,SINALOA,2012-01-30,"BATALLONDEINFANTERIA","AGRESIONCONARMADEFUEGO.",2012,1
295,SOLDADO,EJERCITO,INFANTERIA,GUASAVE,SINALOA,2012-01-30,"BATALLONDEINFANTERIA","AGRESIONCONARMADEFUEGO.",2012,1
296,SOLDADO,EJERCITO,INFANTERIA,GUASAVE,SINALOA,2012-01-30,"BATALLONDEINFANTERIA","AGRESIONCONARMADEFUEGO.",2012,1
297,CABO,EJERCITO,INFANTERIA,NAMIQUIPA,CHIHUAHUA,2012-01-31,"BATALLONDEINFANTERIA","AGRESIONCONARMADEFUEGO.",2012,1
298,SARGENTO 2/o.,EJERCITO,INFANTERIA,SAN IGNACIO.,SINALOA,2012-02-02,"COMPAÑIADEINFANTERIANOENCUADRADA","AGRESIONCONARMADEFUEGO.",2012,2
299,SOLDADO,EJERCITO,SANIDAD,ANAHUAC,NUEVO LEON,2012-02-13,"REGIMIENTODEARTILLERIA","AGRESIONCONARMADEFUEGO.",2012,2
301,SOLDADO,EJERCITO,INFANTERIA,TIQUICHEO,MICHOACAN,2012-02-27,"BATALLONDEINFANTERIA","AGRESIONCONARMADEFUEGO.",2012,2
302,SARGENTO 2/o.,EJERCITO,POLICIA MILITAR,CIUDAD VICTORIA,TAMAULIPAS,2012-03-04,"BATALLONDEPOLICIAMILITAR","AGRESIONCONARMADEFUEGO.",2012,3
303,SARGENTO 1/o.,EJERCITO,TRANSMISIONES,VICTORIA DE DURANGO,DURANGO,2012-03-12,FUERZAS ESPECIALES,"AGRESIONCONARMADEFUEGO.",2012,3
305,SOLDADO,EJERCITO,CABALLERIA,NUEVO LAREDO.,TAMAULIPAS,2012-03-24,"REGIMIENTODECABALLERIAMOTORIZADO","AGRESIONCONARMADEFUEGO.",2012,3
310,SOLDADO,EJERCITO,INFANTERIA,SINALOA DE LEYVA,SINALOA,2012-04-21,"BATALLONDEINFANTERIA","AGRESIONCONARMADEFUEGO.",2012,4
313,SARGENTO 2/o.,FUERZA AEREA,"ESPECIALISTAENELECTRONICADEAVIACION","SAN   JOSE   DEL   LLANO,   MPIO.BADIRAGUATO",SINALOA,2012-04-28,ESCUADRON AEREO,"AGRESIONCONARMADEFUEGO.",2012,4
314,SOLDADO,EJERCITO,INFANTERIA,GUASAVE,SINALOA,2012-05-02,"BATALLONDEINFANTERIA","AGRESIONCONARMADEFUEGO.",2012,5
315,SOLDADO,EJERCITO,TRANSMISIONES,GUASAVE,SINALOA,2012-05-02,"BATALLONDEINFANTERIA","AGRESIONCONARMADEFUEGO.",2012,5
319,SOLDADO,EJERCITO,TRANSMISIONES,VILLAGRAN,TAMAULIPAS,2012-05-23,"BATALLONDEINFANTERIA","AGRESIONCONARMADEFUEGO.",2012,5
323,CABO,EJERCITO,CABALLERIA,REYNOSA,TAMAULIPAS,2012-05-29,"REGIMIENTODECABALLERIAMOTORIZADO","AGRESIONCONARMADEFUEGO.",2012,5
324,SOLDADO,EJERCITO,CABALLERIA,REYNOSA,TAMAULIPAS,2012-05-29,"REGIMIENTODECABALLERIAMOTORIZADO","AGRESIONCONARMADEFUEGO.",2012,5
327,CABO,EJERCITO,CABALLERIA,NUEVO LAREDO.,TAMAULIPAS,2012-06-15,"REGIMIENTODECABALLERIAMOTORIZADO","AGRESIONCONARMADEFUEGO.",2012,6
328,SOLDADO,EJERCITO,TRANSMISIONES,ALAMO,VERACRUZ,2012-06-18,"BATALLONDEINFANTERIA","AGRESIONCONARMADEFUEGO.",2012,6
330,CABO,EJERCITO,INFANTERIA,GRAN MORELOS,CHIHUAHUA,2012-06-22,"BATALLONDEINFANTERIA","AGRESIONCONARMADEFUEGO.",2012,6
331,SOLDADO,EJERCITO,CABALLERIA,SARIC,SONORA,2012-06-23,"REGIMIENTODECABALLERIAMOTORIZADO","AGRESIONCONARMADEFUEGO.",2012,6
332,CABO,EJERCITO,CONDUCTOR,SONOYTA,SONORA,2012-07-07,"COMPAÑIADEINFANTERIANOENCUADRADA","AGRESIONCONARMADEFUEGO.",2012,7
333,SOLDADO,EJERCITO,TRANSMISIONES,SONOYTA,SONORA,2012-07-07,GUARNICION MILITAR,"AGRESIONCONARMADEFUEGO.",2012,7
334,SOLDADO,EJERCITO,INFANTERIA,VILLA DE COSS,ZACATECAS,2012-07-09,"BATALLONDEINFANTERIA","AGRESIONCONARMADEFUEGO.",2012,7
335,SOLDADO,EJERCITO,INFANTERIA,CIUDAD OBREGON,SONORA,2012-07-10,"BATALLONDEINFANTERIA","AGRESIONCONARMADEFUEGO.",2012,7
339,SOLDADO,EJERCITO,INFANTERIA,MPIO. DE SANTANDER JIMEMEZ,TAMAULIPAS,2012-07-20,"BATALLONDEINFANTERIA","AGRESIONCONARMADEFUEGO.",2012,7
342,CABO,EJERCITO,SANIDAD,MATAMOROS,TAMAULIPAS,2012-08-08,"BATALLONDEINFANTERIA","AGRESIONCONARMADEFUEGO.",2012,8
343,SOLDADO,EJERCITO,INFANTERIA,CIUDAD CARDEL,VERACRUZ,2012-08-11,"BATALLONDEINFANTERIA","AGRESIONCONARMADEFUEGO.",2012,8
344,SOLDADO,EJERCITO,POLICIA MILITAR,CIUDAD VICTORIA,TAMAULIPAS,2012-09-02,"BATALLONDEPOLICIAMILITAR","AGRESIONCONARMADEFUEGO.",2012,9
345,SOLDADO,EJERCITO,INFANTERIA,"UNIONDEISIDOROMONTESDEOCA",GUERRERO,2012-09-04,"BATALLONDEINFANTERIA","AGRESIONCONARMADEFUEGO.",2012,9
346,SOLDADO,EJERCITO,INFANTERIA,TEPECOACUILCO DE TRUJANO,GUERRERO,2012-09-26,"BATALLONDEINFANTERIA","AGRESIONCONARMADEFUEGO.",2012,9
347,CABO,EJERCITO,INFANTERIA,ZAMORA,MICHOACAN,2012-09-29,"BATALLONDEINFANTERIA","AGRESIONCONARMADEFUEGO.",2012,9
349,SARGENTO 2/o.,EJERCITO,POLICIA MILITAR,RIO BRAVO,TAMAULIPAS,2012-10-12,"BATALLONDEPOLICIAMILITAR","AGRESIONCONARMADEFUEGO.",2012,10
350,CABO,EJERCITO,CABALLERIA,REYNOSA,TAMAULIPAS,2012-10-14,"REGIMIENTODECABALLERIAMOTORIZADO","AGRESIONCONARMADEFUEGO.",2012,10
351,SOLDADO,EJERCITO,POLICIA MILITAR,SAN FERNANDO,TAMAULIPAS,2012-10-14,"BATALLONDEPOLICIAMILITAR","AGRESIONCONARMADEFUEGO.",2012,10
353,SARGENTO 2/o.,EJERCITO,POLICIA MILITAR,NUEVO LAREDO.,TAMAULIPAS,2012-11-17,"BATALLONDEOPERACIONESESPECIALES","AGRESIONCONARMADEFUEGO.",2012,11
354,CABO,EJERCITO,CABALLERIA,OCAMPO,MICHOACAN,2012-11-18,"REGIMIENTODECABALLERIAMOTORIZADO","AGRESIONCONARMADEFUEGO.",2012,11
355,SARGENTO 2/o.,EJERCITO,POLICIA MILITAR,HIDALGO,TAMAULIPAS,2012-11-20,"BATALLONDEPOLICIAMILITAR","AGRESIONCONARMADEFUEGO.",2012,11
356,SARGENTO 2/o.,EJERCITO,INFANTERIA,BADIRAGUATO,SINALOA,2012-11-24,FUERZAS ESPECIALES,"AGRESIONCONARMADEFUEGO.",2012,11
357,SOLDADO,EJERCITO,INFANTERIA,TEPALCATEPEC,MICHOACAN,2012-11-30,"BATALLONDEINFANTERIA","AGRESIONCONARMADEFUEGO.",2012,11
358,SARGENTO 2/o.,EJERCITO,INFANTERIA,MOCORITO,SINALOA,2012-12-04,FUERZAS ESPECIALES,"AGRESIONCONARMADEFUEGO.",2012,12
359,SOLDADO,EJERCITO,INFANTERIA,TEJOLOCACHIC MPIO. MATACHI,CHIHUAHUA,2012-12-04,"BATALLONDEINFANTERIA","AGRESIONCONARMADEFUEGO.",2012,12
361,CABO,EJERCITO,POLICIA MILITAR,VALLE HERMOSO,TAMAULIPAS,2012-12-14,"BATALLONDEPOLICIAMILITAR","AGRESIONCONARMADEFUEGO.",2012,12
362,SOLDADO,EJERCITO,POLICIA MILITAR,HIDALGO,TAMAULIPAS,2013-01-02,"BATALLONDEPOLICIAMILITAR","AGRESIONCONARMADEFUEGO.",2013,1
365,SOLDADO,EJERCITO,INFANTERIA,ZIRANDARO,GUERRERO,2013-01-09,"BATALLONDEINFANTERIA","AGRESIONCONARMADEFUEGO.",2013,1
366,SOLDADO,EJERCITO,INFANTERIA,LUVIANOS,ESTADO DE MEXICO,2013-01-10,"BATALLONDEINFANTERIA","AGRESIONCONARMADEFUEGO.",2013,1
368,SOLDADO,EJERCITO,INFANTERIA,VILLANUEVA,ZACATECAS,2013-02-11,"BATALLONDEINFANTERIA","AGRESIONCONARMADEFUEGO.",2013,2
369,CABO,EJERCITO,INFANTERIA,TEPALCATEPEC,MICHOACAN,2013-02-25,"BATALLONDEINFANTERIA","AGRESIONCONARMADEFUEGO.",2013,2
372,SUBTENIENTE,EJERCITO,INFANTERIA,TECALITLAN,JALISCO,2013-04-06,"BATALLONDEINFANTERIA","AGRESIONCONARMADEFUEGO.",2013,4
373,SARGENTO 1/o.,EJERCITO,POLICIA MILITAR,GUEMEZ,TAMAULIPAS,2013-05-03,"BATALLONDEPOLICIAMILITAR","AGRESIONCONARMADEFUEGO.",2013,5
375,CABO,EJERCITO,CABALLERIA,ENSENADA,BAJA CALIFORNIA,2013-05-13,"REGIMIENTODECABALLERIAMOTORIZADO","AGRESIONCONARMADEFUEGO.",2013,5
379,CAPITAN 2/o.,EJERCITO,INFANTERIA,MOCORITO,SINALOA,2013-05-20,FUERZAS ESPECIALES,"AGRESIONCONARMADEFUEGO.",2013,5
384,SOLDADO,EJERCITO,CABALLERIA,REYNOSA,TAMAULIPAS,2013-06-26,"REGIMIENTODECABALLERIAMOTORIZADO","AGRESIONCONARMADEFUEGO.",2013,6
389,CABO,EJERCITO,CONDUCTOR,CIHUATLAN,JALISCO,2013-07-28,"COMPAÑIADEINFANTERIANOENCUADRADA","AGRESIONCONARMADEFUEGO.",2013,7
390,CABO,EJERCITO,INFANTERIA,OTAEZ,DURANGO,2013-07-31,"BATALLONDEINFANTERIA","AGRESIONCONARMADEFUEGO.",2013,7
391,CAPITAN 2/o.,EJERCITO,INFANTERIA,REYNOSA,TAMAULIPAS,2013-08-03,"BATALLONDEPOLICIAMILITAR","AGRESIONCONARMADEFUEGO.",2013,8
392,SARGENTO 2/o.,EJERCITO,POLICIA MILITAR,REYNOSA,TAMAULIPAS,2013-08-03,"BATALLONDEPOLICIAMILITAR","AGRESIONCONARMADEFUEGO.",2013,8
393,SOLDADO,EJERCITO,POLICIA MILITAR,REYNOSA,TAMAULIPAS,2013-08-03,"BATALLONDEPOLICIAMILITAR","AGRESIONCONARMADEFUEGO.",2013,8
394,SOLDADO,EJERCITO,POLICIA MILITAR,REYNOSA,TAMAULIPAS,2013-08-03,"BATALLONDEPOLICIAMILITAR","AGRESIONCONARMADEFUEGO.",2013,8
395,SOLDADO,EJERCITO,POLICIA MILITAR,REYNOSA,TAMAULIPAS,2013-08-03,"BATALLONDEPOLICIAMILITAR","AGRESIONCONARMADEFUEGO.",2013,8
396,TENIENTE,EJERCITO,INFANTERIA,GUADALUPE Y CALVO,CHIHUAHUA,2013-08-10,"BATALLONDEINFANTERIA","AGRESIONCONARMADEFUEGO.",2013,8
398,CABO,EJERCITO,CONDUCTOR,LEONARDO BRAVO,GUERRERO,2013-09-06,"BATALLONDEINFANTERIA","AGRESIONCONARMADEFUEGO.",2013,9
399,SOLDADO,EJERCITO,INFANTERIA,ZAMORA,MICHOACAN,2013-09-18,"BATALLONDEINFANTERIA","AGRESIONCONARMADEFUEGO.",2013,9
400,SOLDADO,EJERCITO,CABALLERIA,NUEVA CD. GUERRERO,TAMAULIPAS,2013-11-24,"REGIMIENTODECABALLERIAMOTORIZADO","AGRESIONCONARMADEFUEGO.",2013,11
401,SOLDADO,EJERCITO,SANIDAD,SAN DIMAS,DURANGO,2013-11-25,"BATALLONDEINFANTERIA","AGRESIONCONARMADEFUEGO.",2013,11
402,SOLDADO,EJERCITO,INFANTERIA,SAN MIGUEL TOTOLOAPAN,GUERRERO,2013-11-28,"BATALLONDEINFANTERIA","AGRESIONCONARMADEFUEGO.",2013,11
403,SOLDADO,EJERCITO,INFANTERIA,APATZINGAN,MICHOACAN,2013-12-11,"BATALLONDEINFANTERIA","AGRESIONCONARMADEFUEGO.",2013,12
406,SOLDADO,EJERCITO,INFANTERIA,APATZINGAN,MICHOACAN,2014-01-05,"BATALLONDEINFANTERIA","AGRESIONCONARMADEFUEGO.",2014,1
407,SOLDADO,EJERCITO,INFANTERIA,APATZINGAN,MICHOACAN,2014-01-05,"BATALLONDEINFANTERIA","AGRESIONCONARMADEFUEGO.",2014,1
413,SOLDADO,EJERCITO,TRANSMISIONES,MATAMOROS,TAMAULIPAS,2014-03-31,"REGIMIENTODECABALLERIAMOTORIZADO","AGRESIONCONARMADEFUEGO.",2014,3
416,SARGENTO 2/o.,FUERZA AEREA,FUSILERO PARACAIDISTA,REYNOSA,TAMAULIPAS,2014-05-09,"BATALLONDEINFANTERIA","AGRESIONCONARMADEFUEGO.",2014,5
417,SARGENTO 2/o.,EJERCITO,CONDUCTOR,GUACHINANGO,JALISCO,2014-05-12,"BATALLONDEINFANTERIA","AGRESIONCONARMADEFUEGO.",2014,5
418,SOLDADO,EJERCITO,INFANTERIA,GUACHINANGO,JALISCO,2014-05-12,"BATALLONDEINFANTERIA","AGRESIONCONARMADEFUEGO.",2014,5
419,SOLDADO,EJERCITO,INFANTERIA,GUACHINANGO,JALISCO,2014-05-12,"BATALLONDEINFANTERIA","AGRESIONCONARMADEFUEGO.",2014,5
420,SOLDADO,EJERCITO,TRANSMISIONES,GUACHINANGO,JALISCO,2014-05-12,"BATALLONDEINFANTERIA","AGRESIONCONARMADEFUEGO.",2014,5
421,SARGENTO 2/o.,EJERCITO,INFANTERIA,LA UNION,GUERRERO,2014-05-14,"BATALLONDEINFANTERIA","AGRESIONCONARMADEFUEGO.",2014,5
422,CABO,EJERCITO,CABALLERIA,GUAMUCHIL,SINALOA,2014-05-28,FUERZAS ESPECIALES,"AGRESIONCONARMADEFUEGO.",2014,5
423,SOLDADO,EJERCITO,POLICIA MILITAR,ABASOLO,TAMAULIPAS,2014-07-21,"BATALLONDEPOLICIAMILITAR","AGRESIONCONARMADEFUEGO.",2014,7
425,SOLDADO,EJERCITO,CABALLERIA,REYNOSA,TAMAULIPAS,2014-08-20,"REGIMIENTODECABALLERIAMOTORIZADO","AGRESIONCONARMADEFUEGO.",2014,8
427,SOLDADO,EJERCITO,INFANTERIA,TEPEHUANES,DURANGO,2014-09-01,"BATALLONDEINFANTERIA","AGRESIONCONARMADEFUEGO.",2014,9
428,SOLDADO,EJERCITO,INFANTERIA,TEPEHUANES,DURANGO,2014-09-01,"BATALLONDEINFANTERIA","AGRESIONCONARMADEFUEGO.",2014,9
429,SOLDADO,EJERCITO,INFANTERIA,CD. MIER,TAMAULIPAS,2014-09-17,"BATALLONDEINFANTERIA","AGRESIONCONARMADEFUEGO.",2014,9
430,TENIENTE,EJERCITO,INFANTERIA,SAN MARTIN DE HIDALGO,JALISCO,2014-09-24,"BATALLONDEINFANTERIA","AGRESIONCONARMADEFUEGO.",2014,9
431,SOLDADO,EJERCITO,INFANTERIA,VALLE HERMOSO,TAMAULIPAS,2014-09-27,"BATALLONDEPOLICIAMILITAR","AGRESIONCONARMADEFUEGO.",2014,9
435,SOLDADO,EJERCITO,INFANTERIA,RIO BRAVO,TAMAULIPAS,2014-12-22,"BATALLONDEINFANTERIA","AGRESIONCONARMADEFUEGO.",2014,12
438,SOLDADO,EJERCITO,INFANTERIA,YURECUARO,MICHOACAN,2015-01-22,"BATALLONDEINFANTERIA","AGRESIONCONARMADEFUEGO.",2015,1
439,SOLDADO,EJERCITO,SANIDAD,YURECUARO,MICHOACAN,2015-01-22,"BATALLONDEINFANTERIA","AGRESIONCONARMADEFUEGO.",2015,1
441,SOLDADO,EJERCITO,POLICIA MILITAR,MIGUEL ALEMAN,TAMAULIPAS,2015-02-13,"BATALLONDEPOLICIAMILITAR","AGRESIONCONARMADEFUEGO.",2015,2
442,CABO,EJERCITO,INFANTERIA,PUERTO VALLARTA,JALISCO,2015-02-18,"COMPAÑIADEINFANTERIANOENCUADRADA","AGRESIONCONARMADEFUEGO.",2015,2
444,SOLDADO,EJERCITO,INFANTERIA,CABORCA,SONORA,2015-03-24,"COMPAÑIADEINFANTERIANOENCUADRADA","AGRESIONCONARMADEFUEGO.",2015,3
446,SARGENTO 2/o.,EJERCITO,INFANTERIA,MOCORITO,SINALOA,2015-04-05,"BATALLONDEINFANTERIA","AGRESIONCONARMADEFUEGO.",2015,4
447,CAPITAN 2/o.,FUERZA AEREA,PILOTO AVIADOR,CASIMIRO CASTILLO,JALISCO,2015-05-01,ESCUADRON AEREO,"AGRESIONCONARMADEFUEGO.",2015,5
448,CAPITAN 2/o.,EJERCITO,INFANTERIA,CASIMIRO CASTILLO,JALISCO,2015-05-01,FUERZAS ESPECIALES,"AGRESIONCONARMADEFUEGO.",2015,5
449,CAPITAN 2/o.,EJERCITO,INFANTERIA,CASIMIRO CASTILLO,JALISCO,2015-05-01,FUERZAS ESPECIALES,"AGRESIONCONARMADEFUEGO.",2015,5
450,SARGENTO 2/o.,EJERCITO,INFANTERIA,CASIMIRO CASTILLO,JALISCO,2015-05-01,FUERZAS ESPECIALES,"AGRESIONCONARMADEFUEGO.",2015,5
451,SARGENTO 2/o.,EJERCITO,INFANTERIA,CASIMIRO CASTILLO,JALISCO,2015-05-01,FUERZAS ESPECIALES,"AGRESIONCONARMADEFUEGO.",2015,5
452,SARGENTO 2/o.,FUERZA AEREA,ARMAMENTO AEREO,CASIMIRO CASTILLO,JALISCO,2015-05-01,ESCUADRON AEREO,"AGRESIONCONARMADEFUEGO.",2015,5
453,SUBTENIENTE,FUERZA AEREA,"ESPECIALISTAENELECTRONICADEAVIACION",CASIMIRO CASTILLO,JALISCO,2015-05-05,ESCUADRON AEREO,"AGRESIONCONARMADEFUEGO.",2015,5
454,TENIENTE,EJERCITO,INFANTERIA,CASIMIRO CASTILLO,JALISCO,2015-05-10,FUERZAS ESPECIALES,"AGRESIONCONARMADEFUEGO.",2015,5
464,SOLDADO,EJERCITO,SANIDAD,NUEVO LAREDO.,TAMAULIPAS,2015-10-10,"REGIMIENTODECABALLERIAMOTORIZADO","AGRESIONCONARMADEFUEGO.",2015,10
465,CABO,EJERCITO,INFANTERIA,CAMARGO,TAMAULIPAS,2015-10-25,FUERZAS ESPECIALES,"AGRESIONCONARMADEFUEGO.",2015,10
466,SOLDADO,EJERCITO,INFANTERIA,IXTACZOQUITLAN,VERACRUZ,2015-10-26,"BATALLONDEINFANTERIA","AGRESIONCONARMADEFUEGO.",2015,10
468,SOLDADO,EJERCITO,INFANTERIA,PUEBLO NUEVO,DURANGO,2015-12-12,"COMPAÑIADEINFANTERIANOENCUADRADA","AGRESIONCONARMADEFUEGO.",2015,12
470,SUBTENIENTE,EJERCITO,TRANSMISIONES,MOCORITO,SINALOA,2016-01-30,"BATALLONDEINFANTERIA","AGRESIONCONARMADEFUEGO.",2016,1
471,SARGENTO 2/o.,EJERCITO,INFANTERIA,MOCORITO,SINALOA,2016-01-30,"BATALLONDEINFANTERIA","AGRESIONCONARMADEFUEGO.",2016,1
472,CABO,EJERCITO,INFANTERIA,MOCORITO,SINALOA,2016-01-30,"BATALLONDEINFANTERIA","AGRESIONCONARMADEFUEGO.",2016,1
473,SOLDADO,EJERCITO,INFANTERIA,MOCORITO,SINALOA,2016-01-30,"BATALLONDEINFANTERIA","AGRESIONCONARMADEFUEGO.",2016,1
478,CABO,EJERCITO,CABALLERIA,NUEVO LAREDO.,TAMAULIPAS,2016-07-31,"REGIMIENTODECABALLERIAMOTORIZADO","AGRESIONCONARMADEFUEGO.",2016,7
479,SOLDADO,EJERCITO,INFANTERIA,APATZINGAN,MICHOACAN,2016-08-30,"BATALLONDEINFANTERIA","AGRESIONCONARMADEFUEGO.",2016,8
480,CABO,EJERCITO,CABALLERIA,REYNOSA,TAMAULIPAS,2016-09-08,"REGIMIENTODECABALLERIAMOTORIZADO","AGRESIONCONARMADEFUEGO.",2016,9
481,SARGENTO 2/o.,EJERCITO,INFANTERIA,CULIACAN,SINALOA,2016-09-30,"COMPAÑIADEINFANTERIANOENCUADRADA","AGRESIONCONARMADEFUEGO.",2016,9
482,CABO,EJERCITO,CONDUCTOR,CULIACAN,SINALOA,2016-09-30,"COMPAÑIADEINFANTERIANOENCUADRADA","AGRESIONCONARMADEFUEGO.",2016,9
483,CABO,EJERCITO,CONDUCTOR,CULIACAN,SINALOA,2016-09-30,"COMPAÑIADEINFANTERIANOENCUADRADA","AGRESIONCONARMADEFUEGO.",2016,9
484,CABO,EJERCITO,SANIDAD,CULIACAN,SINALOA,2016-09-30,"COMPAÑIADEINFANTERIANOENCUADRADA","AGRESIONCONARMADEFUEGO.",2016,9
485,SOLDADO,EJERCITO,INFANTERIA,CULIACAN,SINALOA,2016-09-30,"COMPAÑIADEINFANTERIANOENCUADRADA","AGRESIONCONARMADEFUEGO.",2016,9
486,CABO,EJERCITO,CONDUCTOR,COMONFORT,GUANAJUATO,2016-10-01,"REGIMIENTOMECANIZADO","AGRESIONCONARMADEFUEGO.",2016,10
487,SOLDADO,EJERCITO,TRANSMISIONES,NUEVO LAREDO.,TAMAULIPAS,2016-10-06,"REGIMIENTODECABALLERIAMOTORIZADO","AGRESIONCONARMADEFUEGO.",2016,10
494,SARGENTO 2/o.,EJERCITO,INFANTERIA,NUEVO LAREDO.,TAMAULIPAS,2017-01-11,"BATALLONDEFUERZASESPECIALES","AGRESIONCONARMADEFUEGO.",2017,1
495,CABO,EJERCITO,CABALLERIA,NUEVO LAREDO.,TAMAULIPAS,2017-01-11,"BATALLONDEFUERZASESPECIALES","AGRESIONCONARMADEFUEGO.",2017,1
496,CABO,EJERCITO,ZAPADORES,NUEVO LAREDO.,TAMAULIPAS,2017-01-11,"BATALLONDEFUERZASESPECIALES","AGRESIONCONARMADEFUEGO.",2017,1
499,SOLDADO,EJERCITO,CABALLERIA,NUEVO LAREDO.,TAMAULIPAS,2017-04-05,"REGIMIENTODECABALLERIAMOTORIZADO","AGRESIONCONARMADEFUEGO.",2017,4
502,CABO,EJERCITO,POLICIA MILITAR,"PALMARITO, QUECHOLAC",PUEBLA,2017-05-03,"BATALLONDEPOLICIAMILITAR","AGRESIONCONARMADEFUEGO.",2017,5
503,SOLDADO,EJERCITO,POLICIA MILITAR,"PALMARITO, QUECHOLAC",PUEBLA,2017-05-03,"BATALLONDEPOLICIAMILITAR","AGRESIONCONARMADEFUEGO.",2017,5
504,SOLDADO,EJERCITO,INFANTERIA,"PALMARITO, QUECHOLAC",PUEBLA,2017-05-03,"BATALLONDEINFANTERIA","AGRESIONCONARMADEFUEGO.",2017,5
505,SOLDADO,EJERCITO,INFANTERIA,"PALMARITO, QUECHOLAC",PUEBLA,2017-05-03,"BATALLONDEINFANTERIA","AGRESIONCONARMADEFUEGO.",2017,5
520,CABO,EJERCITO,CABALLERIA,SAN FERNANDO,TAMAULIPAS,2017-07-23,"REGIMIENTODECABALLERIAMOTORIZADO","AGRESIONCONARMADEFUEGO.",2017,7
521,SARGENTO 2/o.,EJERCITO,INFANTERIA,VALLE HERMOSO,TAMAULIPAS,2017-07-24,"BATALLONDEINFANTERIA","AGRESIONCONARMADEFUEGO.",2017,7
522,SOLDADO,EJERCITO,INFANTERIA,VALLE HERMOSO,TAMAULIPAS,2017-07-24,"BATALLONDEINFANTERIA","AGRESIONCONARMADEFUEGO.",2017,7
523,CABO,EJERCITO,INFANTERIA,MPIO. DE VALPARAISO,ZACATECAS,2017-08-01,"BATALLONDEINFANTERIA","AGRESIONCONARMADEFUEGO.",2017,8
524,CABO,EJERCITO,INFANTERIA,MPIO. DE CONCORDIA,SINALOA,2017-08-18,"BATALLONDEINFANTERIA","AGRESIONCONARMADEFUEGO.",2017,8
525,SOLDADO,EJERCITO,CABALLERIA,CD. REYNOSA,TAMAULIPAS,2017-09-04,"REGIMIENTODECABALLERIAMOTORIZADO","AGRESIONCONARMADEFUEGO.",2017,9
526,SOLDADO,EJERCITO,POLICIA MILITAR,"MPIO.DESANANTONIOACACHAUTLAN",GUERRERO,2017-09-16,"BATALLONDEPOLICIAMILITAR","AGRESIONCONARMADEFUEGO.",2017,9
532,SOLDADO,EJERCITO,CABALLERIA,MPIO. DE GUSTAVO DÍAZ ORDAZ,TAMAULIPAS,2018-01-03,"REGIMIENTODECABALLERIAMOTORIZADO","AGRESIONCONARMADEFUEGO.",2018,1
533,CABO,EJERCITO,CABALLERIA,CD. REYNOSA,TAMAULIPAS,2018-01-23,"REGIMIENTODECABALLERIAMOTORIZADO","AGRESIONCONARMADEFUEGO.",2018,1
534,CABO,EJERCITO,CABALLERIA,CD. REYNOSA,TAMAULIPAS,2018-02-10,"REGIMIENTODECABALLERIAMOTORIZADO","AGRESIONCONARMADEFUEGO.",2018,2
536,TENIENTE,EJERCITO,INFANTERIA,MPIO. DE COYUCA DE CATALAN,GUERRERO,2018-05-08,"BATALLONDEINFANTERIA","AGRESIONCONARMADEFUEGO.",2018,5
537,SARGENTO 2/o.,EJERCITO,INFANTERIA,MPIO. DE COYUCA DE CATALAN,GUERRERO,2018-05-08,"BATALLONDEINFANTERIA","AGRESIONCONARMADEFUEGO.",2018,5
538,CABO,EJERCITO,INFANTERIA,MPIO. DE COYUCA DE CATALAN,GUERRERO,2018-05-08,"BATALLONDEINFANTERIA","AGRESIONCONARMADEFUEGO.",2018,5
539,SARGENTO 2/o.,EJERCITO,CABALLERIA,NUEVO LAREDO.,TAMAULIPAS,2018-07-15,"BATALLONDECABALLERIA","AGRESIONCONARMADEFUEGO.",2018,7
540,SUBTENIENTE,EJERCITO,CABALLERIA,NUEVO LAREDO.,TAMAULIPAS,2018-08-21,"BATALLONDECABALLERIA","AGRESIONCONARMADEFUEGO.",2018,8
541,CAPITAN 2/o.,EJERCITO,INFANTERIA,"UNIONDEISIDOROMONTESDEOCA",GUERRERO,2018-08-24,"BATALLONDEINFANTERIA","AGRESIONCONARMADEFUEGO.",2018,8
542,CAPITAN 2/o.,EJERCITO,INFANTERIA,BADIRAGUATO,SINALOA,2018-09-30,"BATALLONDEPOLICIAMILITAR","AGRESIONCONARMADEFUEGO.",2018,9
543,SOLDADO,EJERCITO,INFANTERIA,"HUIMANGUILLO, TAB.",TABASCO,2018-12-31,"BATALLONDEINFANTERIA","AGRESIONCONARMADEFUEGO.",2018,12
544,CABO,EJERCITO,SANIDAD,NUEVA CD. GUERRERO,TAMAULIPAS,2019-01-09,"REGIMIENTODECABALLERIAMOTORIZADO","AGRESIONCONARMADEFUEGO.",2019,1
546,TENIENTE,EJERCITO,CABALLERIA,NUEVO LAREDO.,TAMAULIPAS,2019-02-16,"REGIMIENTODECABALLERIAMOTORIZADO","AGRESIONCONARMADEFUEGO.",2019,2
547,"TENIENTECORONEL",EJERCITO,INFANTERIA,BUENA VISTA TOMATLAN,MICHOACAN,2019-02-21,"BATALLONDEINFANTERIA","AGRESIONCONARMADEFUEGO.",2019,2
553,CORONEL,EJERCITO,INFANTERIA,"MPIO. DE ZIRACURETIRO, MICH.",MICHOACAN,2019-09-01,"CUERPO DE CABALLERIADE DEFENSAS RURALES","AGRESIONCONARMADEFUEGO.",2019,9
554,SARGENTO 2/o.,EJERCITO,CABALLERIA,"MPIO.DELEONARDODEBRAVO,GRO.",GUERRERO,2019-09-26,"REGIMIENTODECABALLERIAMOTORIZADO","AGRESIONCONARMADEFUEGO.",2019,9
555,CABO,EJERCITO,ARTILLERIA,"MPIO.DELEONARDODEBRAVO,GRO.",GUERRERO,2019-09-26,"REGIMIENTODECABALLERIAMOTORIZADO","AGRESIONCONARMADEFUEGO.",2019,9
556,CABO,EJERCITO,ARTILLERIA,"MPIO.DELEONARDODEBRAVO,GRO.",GUERRERO,2019-09-26,"REGIMIENTODECABALLERIAMOTORIZADO","AGRESIONCONARMADEFUEGO.",2019,9
558,TENIENTE,EJERCITO,CABALLERIA,"MPIO. DE MIGUEL ALEMÁN, TAMPS.",TAMAULIPAS,2019-10-05,"REGIMIENTODECABALLERIAMOTORIZADO","AGRESIONCONARMADEFUEGO.",2019,10
559,CABO,EJERCITO,INFANTERIA,"MPIO. DE IGUALA, GRO.",GUERRERO,2019-10-05,"BATALLONDEINFANTERIA","AGRESIONCONARMADEFUEGO.",2019,10
560,SOLDADO,EJERCITO,CABALLERIA,"MPIO. DE NUEVO LAREDO, TAMPS.",TAMAULIPAS,2019-11-15,"REGIMIENTODECABALLERIAMOTORIZADO","AGRESIONCONARMADEFUEGO.",2019,11
561,SOLDADO,EJERCITO,CABALLERIA,"MPIO. DE NUEVO LAREDO, TAMPS.",TAMAULIPAS,2019-11-15,"REGIMIENTODECABALLERIAMOTORIZADO","AGRESIONCONARMADEFUEGO.",2019,11
563,CABO,EJERCITO,CABALLERIA,"MPIO. DE CHETUMAL, Q. ROO",QUINTANA ROO,2020-01-27,"REGIMIENTODECABALLERIAMOTORIZADO","AGRESIONCONARMADEFUEGO.",2020,1
565,CABO,EJERCITO,CABALLERIA,"MPIO. DE VALLE HERMOSO, TAMPS.",TAMAULIPAS,2020-03-30,"REGIMIENTODECABALLERIAMOTORIZADO","AGRESIONCONARMADEFUEGO.",2020,3
567,CABO,EJERCITO,INFANTERIA,"MPIO. DE NUEVO LAREDO, TAMPS.",TAMAULIPAS,2020-07-07,"BATALLONDEINFANTERIA","AGRESIONCONARMADEFUEGO.",2020,7
568,SOLDADO,EJERCITO,INFANTERIA,"MPIO. DE TOMATLÁN, JAL.",JALISCO,2020-09-02,"BATALLONDEINFANTERIA","AGRESIONCONARMADEFUEGO.",2020,9
569,CABO,EJERCITO,CABALLERIA,"MPIO. DE NUEVO LAREDO, TAMPS.",TAMAULIPAS,2020-09-22,"REGIMIENTODECABALLERIAMOTORIZADO","AGRESIONCONARMADEFUEGO.",2020,9
571,SOLDADO,EJERCITO,CABALLERIA,"MPIO. DE NVO. LAREDO, TAMPS.",TAMAULIPAS,2020-11-09,"REGIMIENTODECABALLERIAMOTORIZADO","AGRESIONCONARMADEFUEGO.",2020,11
572,SOLDADO,EJERCITO,INFANTERIA,"MPIO. DE LA PIEDAD, MICH.",MICHOACAN,2021-02-18,"BATALLONDEINFANTERIA","AGRESIONCONARMADEFUEGO.",2021,2
579,SOLDADO,EJERCITO,CABALLERIA,"MPIO. DE CABORCA, SON.",SONORA,2021-04-18,"REGIMIENTODECABALLERIAMOTORIZADO","AGRESIONCONARMADEFUEGO.",2021,4
580,SOLDADO,EJERCITO,INFANTERIA,"MPIO. DE AGUILILLA, MICH.",MICHOACAN,2021-05-15,"BATALLONDEINFANTERIA","AGRESIONCONARMADEFUEGO.",2021,5
581,SOLDADO,EJERCITO,INFANTERIA,"MPIO. DE AGUILILLA, MICH.",MICHOACAN,2021-05-15,"BATALLONDEINFANTERIA","AGRESIONCONARMADEFUEGO.",2021,5
583,CABO,EJERCITO,INFANTERIA,"MPIO. DE EMPALME, SON.",SONORA,2021-08-06,"BATALLONDEINFANTERIA","AGRESIONCONARMADEFUEGO.",2021,8
584,CABO,EJERCITO,CABALLERIA,"MPIO. DE NUEVO LAREDO, TAMPS.",TAMAULIPAS,2021-08-14,"REGIMIENTODECABALLERIAMOTORIZADO","AGRESIONCONARMADEFUEGO.",2021,8
585,SOLDADO,EJERCITO,INFANTERIA,"MPIO. DE TANGAMANDAPIO, MICH.",MICHOACAN,2021-08-20,"BATALLONDEINFANTERIA","AGRESIONCONARMADEFUEGO.",2021,8
587,CAPITAN 1/o.,FUERZA AEREA,"ABASTECEDORDEMATERIAL AEREO","MPIO.DENVO.CASASGRANDES,CHIH.",CHIHUAHUA,2021-09-13,"POLICIAMINISTERIALMLIITAR","AGRESIONCONARMADEFUEGO.",2021,9
591,SOLDADO,EJERCITO,INFANTERIA,"MPIO. DE VILLA DE COS, ZAC.",ZACATECAS,2021-10-09,"BATALLONDEINFANTERIA","AGRESIONCONARMADEFUEGO.",2021,10
592,SOLDADO,EJERCITO,INFANTERIA,"MPIO. DE NUEVO LAREDO, TAMPS.",TAMAULIPAS,2021-11-11,"BATALLONDEINFANTERIA","AGRESIONCONARMADEFUEGO.",2021,11
598,CABO,EJERCITO,CABALLERIA,"MPIO. DE NUEVO LAREDO, TAMPS.",TAMAULIPAS,2021-12-10,"REGIMIENTODECABALLERIAMOTORIZADO","AGRESIONCONARMADEFUEGO.",2021,12
599,CABO,EJERCITO,CABALLERIA,"MPIO. DE NUEVO LAREDO, TAMPS.",TAMAULIPAS,2021-12-10,"REGIMIENTODECABALLERIAMOTORIZADO","AGRESIONCONARMADEFUEGO.",2021,12
600,SOLDADO,EJERCITO,POLICIA MILITAR,"MPIO. DE APODACA, N.L.",NUEVO LEON,2021-12-30,"BATALLONDEPOLICIAMILITAR","AGRESIONCONARMADEFUEGO.",2021,12
601,SOLDADO,EJERCITO,CABALLERIA,"MPIO. DE ALTAR, SON.",SONORA,2022-01-06,"REGIMIENTODECABALLERIAMOTORIZADO","AGRESIONCONARMADEFUEGO.",2022,1
602,SOLDADO,EJERCITO,POLICIA MILITAR,"MPIO. DE ZINAPECUARO, MICH.",MICHOACAN,2022-01-15,"BATALLONDEPOLICIAMILITAR","AGRESIONCONARMADEFUEGO.",2022,1
603,SOLDADO,EJERCITO,POLICIA MILITAR,"MPIO. DE JEREZ, ZAC.",ZACATECAS,2022-02-19,"BATALLONDEPOLICIAMILITAR","AGRESIONCONARMADEFUEGO.",2022,2
606,CABO,EJERCITO,TRANSMISIONES,"MPIO. DE CABORCA, SON.",SONORA,2022-03-03,"BATALLONDEINFANTERIA","AGRESIONCONARMADEFUEGO.",2022,3
607,SOLDADO,EJERCITO,CABALLERIA,"MPIO. DE CD. MIER, TAMPS.",TAMAULIPAS,2022-03-14,"REGIMIENTODECABALLERIAMOTORIZADO","AGRESIONCONARMADEFUEGO.",2022,3
608,CABO,EJERCITO,INFANTERIA,"MPIO. DE CULIACAN, SIN.",SINALOA,2022-03-28,"BATALLONDEINFANTERIA","AGRESIONCONARMADEFUEGO.",2022,3
611,CABO,EJERCITO,POLICIA MILITAR,"MPIO. DE TEOCALTICHE, JAL.",JALISCO,2022-05-16,"BATALLONDEPOLICIAMILITAR","AGRESIONCONARMADEFUEGO.",2022,5
612,CABO,EJERCITO,POLICIA MILITAR,"MPIO. DE TEOCALTICHE, JAL.",JALISCO,2022-05-16,"BATALLONDEPOLICIAMILITAR","AGRESIONCONARMADEFUEGO.",2022,5
613,SOLDADO,EJERCITO,POLICIA MILITAR,"MPIO. DE TEOCALTICHE, JAL.",JALISCO,2022-05-16,"BATALLONDEPOLICIAMILITAR","AGRESIONCONARMADEFUEGO.",2022,5
616,SARGENTO 2/o.,EJERCITO,INFANTERIA,"MPIO. DE ALTAR, SON.",SONORA,2022-07-02,"BATALLONDEINFANTERIA","AGRESIONCONARMADEFUEGO.",2022,7
618,SOLDADO,EJERCITO,INFANTERIA,"MPIO. DE APULCO, ZAC.",ZACATECAS,2022-08-24,"BATALLONDEINFANTERIA","AGRESIONCONARMADEFUEGO.",2022,8
619,CABO,EJERCITO,INFANTERIA,"MPIO. DE OJINAGA, CHIH.",CHIHUAHUA,2022-10-23,"GRUPODEINFANTERIAMOTORIZADO","AGRESIONCONARMADEFUEGO.",2022,10
627,"GENERALBRIGADIER",EJERCITO,NA,"MPIO. DE PINOS, ZAC.",ZACATECAS,2022-11-24,"CUERPODEPOLICIAMILITAR","AGRESIONCONARMADEFUEGO.",2022,11
629,SOLDADO,EJERCITO,INFANTERIA,"MPIO. DE NUEVO LAREDO, TAMPS.",TAMAULIPAS,2022-12-07,"BATALLONDEINFANTERIA","AGRESIONCONARMADEFUEGO.",2022,12
630,CORONEL,EJERCITO,"INFANTERIADIPLOMADODE ESTADO MAYOR","MPIO. DE CULIACAN, SIN.",SINALOA,2023-01-05,"BATALLONDEINFANTERIA","AGRESIONCONARMADEFUEGO.",2023,1
631,MAYOR,EJERCITO,INFANTERIA,"MPIO. DE CULIACAN, SIN.",SINALOA,2023-01-05,"FUERZA ESPECIAL DE LABRIGADADEFUSILEROSPARACAIDISTAS","AGRESIONCONARMADEFUEGO.",2023,1
632,CAPITAN 1/o.,EJERCITO,INFANTERIA,"MPIO. DE CULIACAN, SIN.",SINALOA,2023-01-05,"FUERZAESPECIALDEREACCION","AGRESIONCONARMADEFUEGO.",2023,1
633,CAPITAN 2/o.,EJERCITO,INFANTERIA,"MPIO. DE CULIACAN, SIN.",SINALOA,2023-01-05,"FUERZAESPECIALDEREACCION","AGRESIONCONARMADEFUEGO.",2023,1
634,CAPITAN 2/o.,EJERCITO,CABALLERIA,"MPIO. DE CULIACAN, SIN.",SINALOA,2023-01-05,"FUERZAESPECIALDEREACCION","AGRESIONCONARMADEFUEGO.",2023,1
635,TENIENTE,EJERCITO,INFANTERIA,"MPIO. DE CULIACAN, SIN.",SINALOA,2023-01-05,"FUERZAESPECIALDEREACCION","AGRESIONCONARMADEFUEGO.",2023,1
636,SARGENTO 2/o.,EJERCITO,INFANTERIA,"MPIO. DE CULIACAN, SIN.",SINALOA,2023-01-05,"FUERZAESPECIALDEREACCION","AGRESIONCONARMADEFUEGO.",2023,1
637,SARGENTO 2/o.,FUERZA AEREA,FUSILERO PARACAIDISTA,"MPIO. DE CULIACAN, SIN.",SINALOA,2023-01-05,"FUERZA ESPECIAL DE LABRIGADADEFUSILEROSPARACAIDISTAS","AGRESIONCONARMADEFUEGO.",2023,1
638,SOLDADO,EJERCITO,INFANTERIA,"MPIO. DE CULIACAN, SIN.",SINALOA,2023-01-05,"BATALLONDEINFANTERIA","AGRESIONCONARMADEFUEGO.",2023,1
639,SOLDADO,EJERCITO,POLICIA MILITAR,"MPIO. DE CULIACAN, SIN.",SINALOA,2023-01-05,"BATALLONDEPOLICIAMILITAR","AGRESIONCONARMADEFUEGO.",2023,1
640,SOLDADO,EJERCITO,POLICIA MILITAR,"MPIO. DE CHARCAS, S.L.P.",SAN LUIS POTOSÍ,2023-01-07,"BATALLONDEOPERACIONESESPECIALES","AGRESIONCONARMADEFUEGO.",2023,1
641,SOLDADO,EJERCITO,POLICIA MILITAR,"MPIO. DE CHARCAS, S.L.P.",SAN LUIS POTOSÍ,2023-01-07,"BATALLONDEOPERACIONESESPECIALES","AGRESIONCONARMADEFUEGO.",2023,1
642,SOLDADO,EJERCITO,TRANSMISIONES,"MPIO. DE CHARCAS, S.L.P.",SAN LUIS POTOSÍ,2023-01-07,"BATALLONDEINFANTERIA","AGRESIONCONARMADEFUEGO.",2023,1
643,SOLDADO,EJERCITO,CABALLERIA,"MPIO. DE MIGUEL ALEMÁN, TAMPS.",TAMAULIPAS,2023-01-09,"REGIMIENTODECABALLERIAMOTORIZADO","AGRESIONCONARMADEFUEGO.",2023,1
644,CORONEL,EJERCITO,"INFANTERIADIPLOMADODE ESTADO MAYOR","MPIO. DE COALCOMÁN, MICH.",MICHOACAN,2023-01-20,"BATALLONDEINFANTERIA","AGRESIONCONARMADEFUEGO.",2023,1
649,CABO,EJERCITO,INFANTERIA,"MPIO. DE FRESNILLO, ZAC.",ZACATECAS,2023-02-24,"BATALLONDEINFANTERIA","AGRESIONCONARMADEFUEGO.",2023,2
650,SOLDADO,EJERCITO,INFANTERIA,"MPIO. DE FRESNILLO, ZAC.",ZACATECAS,2023-02-24,"BATALLONDEINFANTERIA","AGRESIONCONARMADEFUEGO.",2023,2
651,SOLDADO,EJERCITO,INFANTERIA,"MPIO. DE VILLA DE RAMOS, S.L.P.",SAN LUIS POTOSÍ,2023-03-09,"BATALLONDEINFANTERIA","AGRESIONCONARMADEFUEGO.",2023,3
652,CABO,EJERCITO,INFANTERIA,"MPIO.DECOYUCADECATALAN,GRO.",GUERRERO,2023-03-17,"BATALLONDEINFANTERIA","AGRESIONCONARMADEFUEGO.",2023,3
653,SOLDADO,EJERCITO,INFANTERIA,"MPIO.DECOYUCADECATALAN,GRO.",GUERRERO,2023-03-17,"BATALLONDEINFANTERIA","AGRESIONCONARMADEFUEGO.",2023,3
654,SARGENTO 2/o.,EJERCITO,POLICIA MILITAR,"MPIO.DETEPATITLANDEMORELOS, JAL.",JALISCO,2023-03-22,"BATALLONDEPOLICIAMILITAR","AGRESIONCONARMADEFUEGO.",2023,3
655,CABO,EJERCITO,TRANSMISIONES,"MPIO. DE REFORMA, CHIS.",CHIAPAS,2023-04-03,"CUARTELGENERALDEZONA MILITAR","AGRESIONCONARMADEFUEGO.",2023,4
661,SOLDADO,EJERCITO,TRANSMISIONES,"MPO. DE MARAVATIO, DGO.",MICHOACAN,2023-04-24,"BATALLONDEINFANTERIA","AGRESIONCONARMADEFUEGO.",2023,4
666,CABO,EJERCITO,CABALLERIA,"MPIO. DE TRINCHERAS, SON.",SONORA,2023-05-06,"REGIMIENTODECABALLERIAMOTORIZADO","AGRESIONCONARMADEFUEGO.",2023,5
667,CABO,EJERCITO,POLICIA MILITAR,"MPIO. DE SAN JUAN DE LOS LAGOS,JAL.",JALISCO,2023-05-20,"BATALLONDEPOLICIAMILITAR","AGRESIONCONARMADEFUEGO.",2023,5
668,SARGENTO 2/o.,EJERCITO,POLICIA MILITAR,"MPIO. DE SAN JUAN DE LOS LAGOS,JAL.",JALISCO,2023-05-20,"COMPAÑIADEPOLICIAMILITARDESEGURIDADAVÍASDECOMUNICACION","AGRESIONCONARMADEFUEGO.",2023,5
669,SOLDADO,EJERCITO,SANIDAD,"MPIO. DE TAMUIN, S.L.P.",SAN LUIS POTOSÍ,2023-05-30,"BATALLONDEINFANTERIA","AGRESIONCONARMADEFUEGO.",2023,5
670,SOLDADO,EJERCITO,INFANTERIA,"MPIO. DE TAMUIN, S.L.P.",SAN LUIS POTOSÍ,2023-05-30,"BATALLONDEINFANTERIA","AGRESIONCONARMADEFUEGO.",2023,5
671,CABO,EJERCITO,INFANTERIA,"MPIO. DE CULIACAN, SIN.",SINALOA,2023-06-11,"BATALLONDEINFANTERIA","AGRESIONCONARMADEFUEGO.",2023,6
672,SOLDADO,EJERCITO,INFANTERIA,"MPIO. DE CULIACAN, SIN.",SINALOA,2023-06-11,"BATALLONDEINFANTERIA","AGRESIONCONARMADEFUEGO.",2023,6
673,CABO,EJERCITO,SANIDAD,"MPIO. DE OCOZOCOAUTLA, CHIS.",CHIAPAS,2023-06-19,"BATALLONDEPOLICIAMILITAR","AGRESIONCONARMADEFUEGO.",2023,6
674,SOLDADO,EJERCITO,POLICIA MILITAR,"MPIO.DEZACAZONAPAN,EDO.MÉX.",ESTADO DE MEXICO,2023-07-06,"BATALLONDEOPERACIONESESPECIALES","AGRESIONCONARMADEFUEGO.",2023,7
675,CABO,EJERCITO,CABALLERIA,"MPIO. DE NUEVO LAREDO, TAMPS.",TAMAULIPAS,2023-07-12,"REGIMIENTODECABALLERIAMOTORIZADO","AGRESIONCONARMADEFUEGO.",2023,7
676,SUBTENIENTE,EJERCITO,CABALLERIA,"MPIO. DE MIGUEL ALEMÁN, TAMPS.",TAMAULIPAS,2023-07-22,"REGIMIENTODECABALLERIAMOTORIZADO","AGRESIONCONARMADEFUEGO.",2023,7
677,CABO,EJERCITO,INFANTERIA,"MPIO. DE PETATLAN, GRO.",GUERRERO,2023-08-13,"BATALLONDEINFANTERIA","AGRESIONCONARMADEFUEGO.",2023,8
678,SOLDADO,EJERCITO,POLICIA MILITAR,"MPIO. DE TIJUANA, B.C.",BAJA CALIFORNIA,2023-09-04,"BATALLONDEPOLICIAMILITAR","AGRESIONCONARMADEFUEGO.",2023,9
689,SOLDADO,EJERCITO,INFANTERIA,"MPIO. DE TEPETONGO, ZAC.",ZACATECAS,2023-10-29,"BATALLONDEINFANTERIA","AGRESIONCONARMADEFUEGO.",2023,10
690,CABO,EJERCITO,CABALLERIA,"MPIO. DE SAN MIGUEL TOTOLAPAN,GRO.",GUERRERO,2023-10-29,"REGIMIENTODECABALLERIAMOTORIZADO","AGRESIONCONARMADEFUEGO.",2023,10
691,SARGENTO 2/o.,EJERCITO,INFANTERIA,"MPIO. DE OQUITOA, SON.",SONORA,2023-10-31,"BATALLONDEFUERZASESPECIALES","AGRESIONCONARMADEFUEGO.",2023,10
