"",GRADO,FUERZA ARMADA,ARMA/SERVICIO,LUGAR Y/O MPIO.,ESTADO,FECHA,UNIDAD,TIPO DE EVENTO
1,SOLDADO,EJERCITO,ARMA BLINDADA,AQUILA,MICHOACAN,12/12/2006,"REGIMIENTOBLINDADODE RECONOCIMIENTO",AHOGADO
2,SOLDADO,EJERCITO,CABALLERIA,SANTIAGO ASTATA.,OAXACA,16/12/2006,"REGIMIENTODECABALLERIAMOTORIZADO","ACCIDENTEAUTOMOVILISTICO"
3,SARGENTO 2/o.,EJERCITO,CONDUCTOR,NUEVO LAREDO.,TAMAULIPAS,10/01/2007,"REGIMIENTODECABALLERIAMOTORIZADO","AGRESIONCONARMADFUEGO."
4,SOLDADO,EJERCITO,POLICIA MILITAR,CARRETERA TIJUANA-MEXICALI.,BAJA CALIFORNIA,31/01/2007,"BATALLONDEPOLICIAMILITAR","ACCIDENTEAUTOMOVILISTICO"
5,CABO,EJERCITO,INFANTERIA,CRUCE DE LA AV. A. OBREGON.,SINALOA,02/02/2007,"BATALLONDEINFANTERIA","AGRESIONCONARMADFUEGO."
6,SOLDADO,EJERCITO,INTENDENCIA,CRUCE DE LA AV. A. OBREGON.,SINALOA,02/02/2007,"JFA. REGIONAL SV.ADMON. E INT.","AGRESIONCONARMADFUEGO."
7,TENIENTE,EJERCITO,INFANTERIA,ALDAMA.,TAMAULIPAS,27/02/2007,"BATALLONDEINFANTERIA",ACCIDENTE AEREO
8,TENIENTE,FUERZA AEREA,PILOTO AVIADOR,ALDAMA.,TAMAULIPAS,27/02/2007,ESCUADRON AEREO,ACCIDENTE AEREO
9,SUBTENIENTE,FUERZA AEREA,PILOTO AVIADOR,ALDAMA.,TAMAULIPAS,27/02/2007,ESCUADRON AEREO,ACCIDENTE AEREO
10,SOLDADO,EJERCITO,INFANTERIA,TOTOLAPAN.,GUERRERO,05/03/2007,"BATALLONDEINFANTERIA",ATROPELLADO
11,TENIENTE,EJERCITO,INFANTERIA,MIAHUATLAN-POCHUTLA.,OAXACA,30/03/2007,"BATALLONDEINFANTERIA","ACCIDENTEAUTOMOVILISTICO"
12,CABO,EJERCITO,SANIDAD,MIAHUATLAN-POCHUTLA.,OAXACA,30/03/2007,"BATALLONDEINFANTERIA","ACCIDENTEAUTOMOVILISTICO"
13,SOLDADO,EJERCITO,INFANTERIA,MIAHUATLAN-POCHUTLA.,OAXACA,30/03/2007,"BATALLONDEINFANTERIA","ACCIDENTEAUTOMOVILISTICO"
14,SOLDADO,EJERCITO,TRANSMISIONES,ATOYAC DE ALVAREZ.,GUERRERO,23/04/2007,"BATALLONDEINFANTERIA","ACCIDENTEAUTOMOVILISTICO"
15,SOLDADO,EJERCITO,INFANTERIA,ATOYAC DE ALVAREZ.,GUERRERO,23/04/2007,"BATALLONDEINFANTERIA","ACCIDENTEAUTOMOVILISTICO"
16,CORONEL,EJERCITO,"INFANTERIADIPLOMADODE ESTADO MAYOR",CARACUARO.,MICHOACAN,01/05/2007,"BATALLONDEINFANTERIA","AGRESIONCONARMADFUEGO."
17,SARGENTO 2/o.,EJERCITO,INFANTERIA,CARACUARO.,MICHOACAN,01/05/2007,"BATALLONDEINFANTERIA","AGRESIONCONARMADFUEGO."
18,CABO,EJERCITO,INFANTERIA,CARACUARO.,MICHOACAN,01/05/2007,"BATALLONDEINFANTERIA","AGRESIONCONARMADFUEGO."
"",GRADO,FUERZA ARMADA,ARMA/SERVICIO,LUGAR Y/O MPIO.,ESTADO,FECHA,UNIDAD,TIPO DE EVENTO
19,CABO,EJERCITO,ESCRIBIENTE,CARACUARO.,MICHOACAN,01/05/2007,"BATALLONDEINFANTERIA","AGRESIONCONARMADEFUEGO."
20,CABO,EJERCITO,CONDUCTOR,CARACUARO.,MICHOACAN,01/05/2007,"BATALLONDEINFANTERIA","AGRESIONCONARMADEFUEGO."
21,SOLDADO,EJERCITO,SANIDAD,CHOIX.,SINALOA,17/05/2007,"BATALLONDEINFANTERIA",ACCIDENTE AEREO
22,SOLDADO,EJERCITO,INFANTERIA,CHOIX.,SINALOA,17/05/2007,"BATALLONDEINFANTERIA",ACCIDENTE AEREO
23,SOLDADO,EJERCITO,INFANTERIA,CHOIX.,SINALOA,17/05/2007,"BATALLONDEINFANTERIA",ACCIDENTE AEREO
24,CAPITAN 2/o.,EJERCITO,INFANTERIA,GUACHOCHI.,CHIHUAHUA,31/05/2007,"BATALLONDEINFANTERIA",ACCIDENTE AEREO
25,TENIENTE,FUERZA AEREA,PILOTO AVIADOR,GUACHOCHI.,CHIHUAHUA,31/05/2007,ESCUADRON AEREO,ACCIDENTE AEREO
26,SUBTENIENTE,FUERZA AEREA,PILOTO AVIADOR,GUACHOCHI.,CHIHUAHUA,31/05/2007,ESCUADRON AEREO,ACCIDENTE AEREO
27,SOLDADO,EJERCITO,INFANTERIA,SAN IGNACIO.,SINALOA,31/05/2007,"COMPAÑIADEINFANTERIANOENCUADRADA","AGRESIONCONARMADEFUEGO."
28,"TENIENTECORONEL",FUERZA AEREA,PILOTO AVIADOR,CABORCA.,SONORA,24/06/2007,ESCUADRON AEREO,ACCIDENTE AEREO
29,TENIENTE,EJERCITO,"INFANTERIADIPLOMADODE ESTADO MAYOR",CABORCA,SONORA,24/06/2007,"COMPAÑIADEINFANTERIANOENCUADRADA",ACCIDENTE AEREO
30,SUBTENIENTE,FUERZA AEREA,PILOTO AVIADOR,CABORCA.,SONORA,24/06/2007,ESCUADRON AEREO,ACCIDENTE AEREO
31,SOLDADO,EJERCITO,POLICIA MILITAR,TIJUANA,BAJA CALIFORNIA,28/07/2007,"BATALLONDEPOLICIAMILITAR","AGRESIONCONARMADEFUEGO."
32,SOLDADO,EJERCITO,INFANTERIA,MAQUILI.,MICHOACAN,03/08/2007,"BATALLONDEINFANTERIA","ACCIDENTEAUTOMOVILISTICO"
33,CABO,EJERCITO,INFANTERIA,ROSARIO.,SINALOA,23/08/2007,"BATALLONDEINFANTERIA",AHOGADO
34,SOLDADO,EJERCITO,INFANTERIA,BADIRAGUATO.,SINALOA,11/09/2007,"BATALLONDEINFANTERIA",DESHIDRATADO
35,TENIENTE,EJERCITO,INFANTERIA,QUIRIEGO,SONORA,27/10/2007,"BATALLONDEINFANTERIA","AGRESIONCONARMADEFUEGO."
36,SOLDADO,EJERCITO,INFANTERIA,BACADEHUACHI.,SONORA,01/12/2007,"BATALLONDEINFANTERIA",AHOGADO
37,TENIENTE,EJERCITO,CABALLERIA,TORREON,COAHUILA,18/12/2007,CUARTEL GENERAL,"AGRESIONCONARMADEFUEGO."
"",GRADO,FUERZA ARMADA,ARMA/SERVICIO,LUGAR Y/O MPIO.,ESTADO,FECHA,UNIDAD,TIPO DE EVENTO
38,TENIENTE,EJERCITO,CABALLERIA,TORREON,COAHUILA,18/12/2007,GUARNICION MILITAR,"AGRESIONCONARMADEFUEGO."
39,SUBTENIENTE,EJERCITO,INFANTERIA,TORREON,COAHUILA,18/12/2007,"BATALLONDEINFANTERIA","AGRESIONCONARMADEFUEGO."
40,CORONEL,EJERCITO,INFANTERIA,USPERO,MICHOACAN,06/02/2008,"BATALLONDEINFANTERIA","AGRESIONCONARMADEFUEGO."
41,CAPITAN 1/o.,EJERCITO,INFANTERIA,CHIHUAHUA,CHIHUAHUA,08/03/2008,CUARTEL GENERAL,"AGRESIONCONARMADEFUEGO."
42,CABO,EJERCITO,INFANTERIA,TEMPOAL,VERACRUZ,19/03/2008,"BATALLONDEINFANTERIA","AGRESIONCONARMADEFUEGO."
43,CABO,EJERCITO,INFANTERIA,SANTIAGO DE LOS CABALLEROS.,SINALOA,26/03/2008,"COMPAÑIADEINFANTERIANOENCUADRADA","ACCIDENTECONARMADEFUEGO"
44,SOLDADO,EJERCITO,INFANTERIA,SANTIAGO DE LOS CABALLEROS.,SINALOA,26/03/2008,"BATALLONDEINFANTERIA","ACCIDENTECONARMADEFUEGO"
45,MAYOR,EJERCITO,INFANTERIA,URUAPAN,MICHOACAN,18/04/2008,"BATALLONDEINFANTERIA",ACCIDENTE AEREO
46,TENIENTE,FUERZA AEREA,PILOTO AVIADOR,URUAPAN,MICHOACAN,18/04/2008,ESCUADRON AEREO,ACCIDENTE AEREO
47,SUBTENIENTE,FUERZA AEREA,PILOTO AVIADOR,URUAPAN,MICHOACAN,18/04/2008,ESCUADRON AEREO,ACCIDENTE AEREO
48,SARGENTO 2/o.,EJERCITO,INFANTERIA,URUAPAN,MICHOACAN,18/04/2008,"BATALLONDEINFANTERIA",ACCIDENTE AEREO
49,SARGENTO 2/o.,FUERZA AEREA,"ESPECIALISTAENMANTENIMIENTO AEREO",URUAPAN,MICHOACAN,18/04/2008,ESCUADRON AEREO,ACCIDENTE AEREO
50,CABO,EJERCITO,INFANTERIA,URUAPAN,MICHOACAN,18/04/2008,"BATALLONDEINFANTERIA",ACCIDENTE AEREO
51,CABO,EJERCITO,TRANSMISIONES,URUAPAN,MICHOACAN,18/04/2008,"BATALLONDEINFANTERIA",ACCIDENTE AEREO
52,CABO,EJERCITO,INFANTERIA,URUAPAN,MICHOACAN,18/04/2008,"BATALLONDEINFANTERIA",ACCIDENTE AEREO
53,SOLDADO,EJERCITO,INFANTERIA,URUAPAN,MICHOACAN,18/04/2008,"BATALLONDEINFANTERIA",ACCIDENTE AEREO
54,SOLDADO,EJERCITO,INFANTERIA,URUAPAN,MICHOACAN,18/04/2008,"BATALLONDEINFANTERIA",ACCIDENTE AEREO
55,SOLDADO,EJERCITO,INFANTERIA,URUAPAN,MICHOACAN,18/04/2008,"BATALLONDEINFANTERIA",ACCIDENTE AEREO
56,SOLDADO,EJERCITO,INFANTERIA,URUAPAN,MICHOACAN,18/04/2008,"BATALLONDEINFANTERIA",ACCIDENTE AEREO
"",GRADO,FUERZA ARMADA,ARMA/SERVICIO,LUGAR Y/O MPIO.,ESTADO,FECHA,UNIDAD,TIPO DE EVENTO
57,SOLDADO,EJERCITO,CABALLERIA,MIER,TAMAULIPAS,30/04/2008,"REGIMIENTODECABALLERIAMOTORIZADO","AGRESIONCONARMADEFUEGO."
58,SARGENTO 2/o.,EJERCITO,ARMA BLINDADA,"CASA         COLORADA,         MPIO.CUAUHTEMOC.",CHIHUAHUA,08/06/2008,"REGIMIENTOMECANIZADO",ATROPELLADO
59,CABO,EJERCITO,INFANTERIA,TAMUIN-EBANO,SAN LUIS POTOSÍ,11/06/2008,"BATALLONDEINFANTERIA","ACCIDENTEAUTOMOVILISTICO"
60,SOLDADO,EJERCITO,INFANTERIA,TAMUIN-EBANO,SAN LUIS POTOSÍ,11/06/2008,"BATALLONDEINFANTERIA","ACCIDENTEAUTOMOVILISTICO"
61,SOLDADO,EJERCITO,TRANSMISIONES,LOS MOCHIS,SINALOA,12/06/2008,"BATALLONDEINFANTERIA","ACCIDENTEAUTOMOVILISTICO"
62,SOLDADO,EJERCITO,INFANTERIA,TAMUIN-EBANO,SAN LUIS POTOSÍ,20/06/2008,"BATALLONDEINFANTERIA","ACCIDENTEAUTOMOVILISTICO"
63,SOLDADO,EJERCITO,MATERIALES DE GUERRA,RIO TAMAZULA MPIO. CULIACAN,SINALOA,29/06/2008,"REGIMIENTODECABALLERIAMOTORIZADO",AHOGADO
64,TENIENTE,EJERCITO,ARMA BLINDADA,"ENTRE TEPESALA Y RINCON DEROMOS",AGUASCALIENTES,14/08/2008,"REGIMIENTOMECANIZADO","AGRESIONCONARMADEFUEGO."
65,SOLDADO,EJERCITO,INFANTERIA,"KM.       10       CARR.       VICENTEGUERRERO - SOMBRERETE, ZAC.",DURANGO,20/08/2008,"BATALLONDEINFANTERIA","ACCIDENTEAUTOMOVILISTICO"
66,CABO,EJERCITO,INFANTERIA,"KM.       10       CARR.       VICENTEGUERRERO - SOMBRERETE, ZAC.",DURANGO,21/08/2008,"BATALLONDEINFANTERIA","ACCIDENTEAUTOMOVILISTICO"
67,SARGENTO 2/o.,EJERCITO,INFANTERIA,CIUDAD JUAREZ,CHIHUAHUA,25/08/2008,"BATALLONDEINFANTERIA","ACCIDENTEAUTOMOVILISTICO"
68,CABO,EJERCITO,INFANTERIA,PAPANTLA,VERACRUZ,25/08/2008,"BATALLONDEINFANTERIA","AGRESIONCONARMADEFUEGO."
69,CABO,EJERCITO,CABALLERIA,CD. REYNOSA,TAMAULIPAS,03/09/2008,"REGIMIENTODECABALLERIAMOTORIZADO","AGRESIONCONARMADEFUEGO."
70,CABO,EJERCITO,INFANTERIA,CIUDAD JUAREZ,CHIHUAHUA,05/09/2008,"BATALLONDEINFANTERIA","AGRESIONCONARMADEFUEGO."
71,SOLDADO,EJERCITO,INFANTERIA,"EJIDO    18    DE    MARZO,    MPIO.GOMEZ PALACIO",DURANGO,11/10/2008,"BATALLONDEINFANTERIA","AGRESIONCONARMADEFUEGO."
72,SOLDADO,EJERCITO,ARMA BLINDADA,PENJAMILLO,MICHOACAN,12/10/2008,"REGIMIENTOBLINDADODE RECONOCIMIENTO","ACCIDENTECONARMADEFUEGO"
73,SARGENTO 1/o.,EJERCITO,ARTILLERIA,CD. REYNOSA,TAMAULIPAS,13/10/2008,FUERZAS ESPECIALES,"AGRESIONCONARMADEFUEGO."
74,CABO,EJERCITO,CABALLERIA,TIJUANA,BAJA CALIFORNIA,15/10/2008,FUERZAS ESPECIALES,"AGRESIONCONARMADEFUEGO."
75,SOLDADO,EJERCITO,INFANTERIA,MONTERREY,NUEVO LEON,15/10/2008,"BATALLONDEINFANTERIA",EJECUTADO
"",GRADO,FUERZA ARMADA,ARMA/SERVICIO,LUGAR Y/O MPIO.,ESTADO,FECHA,UNIDAD,TIPO DE EVENTO
76,SOLDADO,EJERCITO,INFANTERIA,MONTERREY,NUEVO LEON,15/10/2008,"BATALLONDEINFANTERIA",EJECUTADO
77,SOLDADO,EJERCITO,INFANTERIA,MONTERREY,NUEVO LEON,15/10/2008,"BATALLONDEINFANTERIA",EJECUTADO
78,SOLDADO,EJERCITO,CABALLERIA,"EL    RANCHO    “EL    BARRANCO”MPIO. BURGOS",TAMAULIPAS,16/10/2008,"REGIMIENTODECABALLERIAMOTORIZADO","AGRESIONCONARMADEFUEGO."
79,SOLDADO,EJERCITO,INFANTERIA,MONTERREY,NUEVO LEON,18/10/2008,"BATALLONDEINFANTERIA",EJECUTADO
80,SOLDADO,EJERCITO,INFANTERIA,MONTERREY,NUEVO LEON,18/10/2008,"BATALLONDEINFANTERIA",EJECUTADO
81,CABO,EJERCITO,INFANTERIA,MONTERREY,NUEVO LEON,19/10/2008,"BATALLONDEINFANTERIA",EJECUTADO
82,CABO,EJERCITO,INFANTERIA,MONTERREY,NUEVO LEON,19/10/2008,"BATALLONDEINFANTERIA",EJECUTADO
83,SOLDADO,EJERCITO,INFANTERIA,MONTERREY,NUEVO LEON,19/10/2008,"BATALLONDEINFANTERIA",EJECUTADO
84,SARGENTO 2/o.,EJERCITO,INFANTERIA,MONTERREY,NUEVO LEON,22/10/2008,"BATALLONDEINFANTERIA",EJECUTADO
85,CABO,EJERCITO,INFANTERIA,"PALOS ALTOS, MPIO. ARCELIA",GUERRERO,07/12/2008,"BATALLONDEINFANTERIA","AGRESIONCONARMADEFUEGO."
86,CAPITAN 2/o.,EJERCITO,INFANTERIA,CHILPANCINGO,GUERRERO,20/12/2008,"BATALLONDEINFANTERIA",EJECUTADO
87,SARGENTO 1/o.,EJERCITO,INFORMATICA,CHILPANCINGO,GUERRERO,20/12/2008,CUARTEL GENERAL,EJECUTADO
88,SARGENTO 2/o.,EJERCITO,JARDINERO,CHILPANCINGO,GUERRERO,20/12/2008,CUARTEL GENERAL,EJECUTADO
89,CABO,EJERCITO,INFANTERIA,CHILPANCINGO,GUERRERO,20/12/2008,"BATALLONDEINFANTERIA",EJECUTADO
90,CABO,EJERCITO,INFANTERIA,CHILPANCINGO,GUERRERO,20/12/2008,"BATALLONDEINFANTERIA",EJECUTADO
91,SOLDADO,EJERCITO,INFANTERIA,CHILPANCINGO,GUERRERO,20/12/2008,"BATALLONDEINFANTERIA",EJECUTADO
92,SOLDADO,EJERCITO,INFANTERIA,CHILPANCINGO,GUERRERO,20/12/2008,"BATALLONDEINFANTERIA",EJECUTADO
93,SARGENTO 1/o.,EJERCITO,INFANTERIA,CHILPANCINGO,GUERRERO,21/12/2008,"BATALLONDEINFANTERIA",EJECUTADO
94,CABO,EJERCITO,INFANTERIA,MPIO. DE VEGA DE LA TORRE,VERACRUZ,10/01/2009,"BATALLONDEINFANTERIA","ACCIDENTEAUTOMOVILISTICO"
"",GRADO,FUERZA ARMADA,ARMA/SERVICIO,LUGAR Y/O MPIO.,ESTADO,FECHA,UNIDAD,TIPO DE EVENTO
95,SOLDADO,EJERCITO,INFANTERIA,MPIO. DE VEGA DE LA TORRE,VERACRUZ,10/01/2009,"BATALLONDEINFANTERIA","ACCIDENTEAUTOMOVILISTICO"
96,SOLDADO,EJERCITO,INFANTERIA,MPIO. DE VEGA DE LA TORRE,VERACRUZ,10/01/2009,"BATALLONDEINFANTERIA","ACCIDENTEAUTOMOVILISTICO"
97,SARGENTO 2/o.,EJERCITO,CONDUCTOR,FRESNILLO,ZACATECAS,07/02/2009,"BATALLONDEINFANTERIA","AGRESIONCONARMADEFUEGO."
98,SARGENTO 2/o.,EJERCITO,CABALLERIA,SAMALAYUCA,CHIHUAHUA,10/02/2009,"BATALLONDEINFANTERIA","AGRESIONCONARMADEFUEGO."
99,CAPITAN 1/o.,EJERCITO,INFANTERIA,MPIO. URUACHIC,CHIHUAHUA,22/02/2009,"BATALLONDEINFANTERIA","AGRESIONCONARMADEFUEGO."
100,SOLDADO,EJERCITO,CABALLERIA,CABORCA,SONORA,25/02/2009,"REGIMIENTODECABALLERIAMOTORIZADO","ACCIDENTEAUTOMOVILISTICO"
101,SOLDADO,EJERCITO,TRANSMISIONES,KM. 96 SAIN ALTO FRESNILLO,ZACATECAS,14/03/2009,"BATALLONDEINFANTERIA","ACCIDENTEAUTOMOVILISTICO"
102,CABO,EJERCITO,INFANTERIA,CARR. SAIN ALTO - FRESNILLO,ZACATECAS,17/03/2009,"BATALLONDEINFANTERIA","ACCIDENTEAUTOMOVILISTICO"
103,SOLDADO,EJERCITO,INFANTERIA,"SAN NICOLAS DEL ORO, MPIO. DESAN MIGUEL TOTOLAPAN",GUERRERO,15/04/2009,"BATALLONDEINFANTERIA","AGRESIONCONARMADEFUEGO."
104,CABO,EJERCITO,CONDUCTOR,MPIO. VILLA DE REYES,SAN LUIS POTOSÍ,04/05/2009,"BATALLONDEINFANTERIA",ATROPELLADO
105,CABO,EJERCITO,ARMA BLINDADA,"HABILLAL,        MPIO.        LAZAROCARDENAS",MICHOACAN,10/05/2009,"REGIMIENTOBLINDADODE RECONOCIMIENTO",GOLPE DE CALOR
106,SOLDADO,EJERCITO,POLICIA MILITAR,CIUDAD JUAREZ,CHIHUAHUA,10/05/2009,"BATALLONDEPOLICIAMILITAR","ACCIDENTECONARMADEFUEGO"
107,SOLDADO,EJERCITO,SANIDAD,TORREON,COAHUILA,21/05/2009,"BATALLONDEINFANTERIA","ACCIDENTEAUTOMOVILISTICO"
108,SOLDADO,EJERCITO,ARMA BLINDADA,BADIRAGUATO,SINALOA,24/05/2009,"REGIMIENTOMECANIZADO",AHOGADO
109,CABO,EJERCITO,INFANTERIA,"RANCHO CORRALITOS, MPIO. ELSANTO PUEBLO NUEVO",DURANGO,27/05/2009,"COMPAÑIADEINFANTERIANOENCUADRADA","AGRESIONCONARMADEFUEGO."
110,SOLDADO,EJERCITO,INFANTERIA,"RANCHO CORRALITOS, MPIO. ELSANTO PUEBLO NUEVO",DURANGO,27/05/2009,"COMPAÑIADEINFANTERIANOENCUADRADA","AGRESIONCONARMADEFUEGO."
111,CAPITAN 2/o.,EJERCITO,INFANTERIA,ACAPULCO,GUERRERO,06/06/2009,"BATALLONDEINFANTERIA","AGRESIONCONARMADEFUEGO."
112,SOLDADO,EJERCITO,TRANSMISIONES,ACAPULCO,GUERRERO,06/06/2009,"BATALLONDEINFANTERIA","AGRESIONCONARMADEFUEGO."
113,SOLDADO,EJERCITO,CABALLERIA,MIGUEL ALEMAN,TAMAULIPAS,15/06/2009,"REGIMIENTODECABALLERIAMOTORIZADO","ACCIDENTEAUTOMOVILISTICO"
"",GRADO,FUERZA ARMADA,ARMA/SERVICIO,LUGAR Y/O MPIO.,ESTADO,FECHA,UNIDAD,TIPO DE EVENTO
114,CADETE,FUERZA AEREA,,PUREZA DE SANALONA,SINALOA,21/06/2009,ESCUELA MILITAR,DESCARGA ELECTRICA
115,SOLDADO,EJERCITO,ARTILLERIA,BACUBIRITO,SINALOA,22/06/2009,"REGIMIENTODEARTILLERIA",GOLPE DE CALOR
116,SOLDADO,EJERCITO,INFANTERIA,MORELIA,MICHOACAN,08/07/2009,"BATALLONDEINFANTERIA","ACCIDENTEAUTOMOVILISTICO"
117,SOLDADO,EJERCITO,INFANTERIA,"SANTA          ROSALIA,          MPIO.GUADALUPE Y CALVO",CHIHUAHUA,10/07/2009,"BATALLONDEINFANTERIA",DESCARGA ELECTRICA
118,SARGENTO 1/o.,EJERCITO,COCINERO,ZAMORA,MICHOACAN,11/07/2009,"BATALLONDEINFANTERIA",EJECUTADO
119,CABO,EJERCITO,COCINERO,ZAMORA,MICHOACAN,11/07/2009,"BATALLONDEINFANTERIA",EJECUTADO
120,CABO,EJERCITO,ARTILLERIA,JUCHITAN,OAXACA,12/08/2009,"REGIMIENTODEARTILLERIA",ATROPELLADO
121,SOLDADO,EJERCITO,ARTILLERIA,JUCHITAN,OAXACA,12/08/2009,"REGIMIENTODEARTILLERIA",ATROPELLADO
122,SOLDADO,EJERCITO,POLICIA MILITAR,CIUDAD JUAREZ,CHIHUAHUA,22/08/2009,"BATALLONDEPOLICIAMILITAR","AGRESIONCONARMADEFUEGO."
123,SOLDADO,EJERCITO,INFANTERIA,MPIO. DE COYUCA DE CATALAN,GUERRERO,25/09/2009,"BATALLONDEINFANTERIA",AHOGADO
124,CAPITAN 2/o.,EJERCITO,INFANTERIA,"CERRO   ""GARNICA"",   MPIO.   DEQUERENDARO",MICHOACAN,02/10/2009,"BATALLONDEINFANTERIA",ACCIDENTE AEREO
125,TENIENTE,FUERZA AEREA,PILOTO AVIADOR,"CERRO   ""GARNICA"",   MPIO.   DEQUERENDARO",MICHOACAN,02/10/2009,ESCUADRON AEREO,ACCIDENTE AEREO
126,SUBTENIENTE,FUERZA AEREA,PILOTO AVIADOR,"CERRO    ""GARNICA"",    MPIO.    DEQUERENDARO",MICHOACAN,02/10/2009,ESCUADRON AEREO,ACCIDENTE AEREO
127,SOLDADO,EJERCITO,TRANSMISIONES,COMALTITLAN,CHIAPAS,03/10/2009,"REGIMIENTODECABALLERIAMOTORIZADO",DESCARGA ELECTRICA
128,SOLDADO,EJERCITO,INFANTERIA,"GALEANA, CHIH.",CHIHUAHUA,08/10/2009,"BATALLONDEINFANTERIA","AGRESIONCONARMADEFUEGO."
129,SOLDADO,EJERCITO,INFANTERIA,"SOBRE  LA  CARRETERA  NUEVOMORELOS - CD. MANTE",TAMAULIPAS,23/10/2009,"BATALLONDEINFANTERIA","ACCIDENTEAUTOMOVILISTICO"
130,SOLDADO,EJERCITO,INFANTERIA,"TRAMO CARRETERO YERBITAS -OCOTE,MPIO.DEGUADALUPEYCALVO, CHIH.",CHIHUAHUA,10/11/2009,"BATALLONDEINFANTERIA","ACCIDENTEAUTOMOVILISTICO"
131,SOLDADO,EJERCITO,ARMA BLINDADA,EJIDO EL REFUGIO REYNOSA,TAMAULIPAS,12/11/2009,"REGIMIENTOBLINDADODE RECONOCIMIENTO","AGRESIONCONARMADEFUEGO."
132,"TENIENTECORONEL",EJERCITO,INFANTERIA,MPIO. TRAPICHE,COLIMA,14/11/2009,"BATALLONDEINFANTERIA",EJECUTADO
"",GRADO,FUERZA ARMADA,ARMA/SERVICIO,LUGAR Y/O MPIO.,ESTADO,FECHA,UNIDAD,TIPO DE EVENTO
133,"TENIENTECORONEL",EJERCITO,TRANSMISIONES,CHILPANCINGO,GUERRERO,21/11/2009,CUARTEL GENERAL,EJECUTADO
134,TENIENTE,EJERCITO,INFANTERIA,MPIO. DE BUENAVISTA TOMATLAN,MICHOACAN,26/11/2009,"BATALLONDEINFANTERIA","AGRESIONCONARMADEFUEGO."
135,SARGENTO 2/o.,EJERCITO,ARMA BLINDADA,"NUEVO  PROGRESO,  MPIO.  RIOBRAVO",TAMAULIPAS,05/12/2009,"REGIMIENTOBLINDADODE RECONOCIMIENTO","AGRESIONCONARMADEFUEGO."
136,SARGENTO 2/o.,FUERZA AEREA,"ESPECIALISTAENMANTENIMIENTO AEREO",40 KMS. AL SUR DE ALTAMIRANO,GUERRERO,23/12/2009,ESCUADRON AEREO,ACCIDENTE AEREO
137,CABO,EJERCITO,TRANSMISIONES,"CARR.  45  NORTE, A  LA  ALTURADEL KM. 15",AGUASCALIENTES,24/12/2009,"REGIMIENTOMECANIZADO","ACCIDENTEAUTOMOVILISTICO"
138,SOLDADO,EJERCITO,TRANSMISIONES,ASERRADERO SAN VICENTE,SINALOA,04/01/2010,"BATALLONDEINFANTERIA","AGRESIONCONARMADEFUEGO."
139,CABO,EJERCITO,INFANTERIA,LA PIEDAD,MICHOACAN,07/01/2010,"BATALLONDEINFANTERIA","AGRESIONCONARMADEFUEGO."
140,SARGENTO 2/o.,EJERCITO,INFANTERIA,INMURIS,SONORA,17/01/2010,FUERZAS ESPECIALES,"ACCIDENTEAUTOMOVILISTICO"
141,SOLDADO,EJERCITO,INFANTERIA,INMURIS,SONORA,17/01/2010,FUERZAS ESPECIALES,"ACCIDENTEAUTOMOVILISTICO"
142,SOLDADO,EJERCITO,SANIDAD,MPIO. DR. ARROYO,NUEVO LEON,24/01/2010,"BATALLONDEINFANTERIA","AGRESIONCONARMADEFUEGO."
143,SOLDADO,EJERCITO,INFANTERIA,MPIO. DR. ARROYO,NUEVO LEON,24/01/2010,"BATALLONDEINFANTERIA","AGRESIONCONARMADEFUEGO."
144,SOLDADO,EJERCITO,INFANTERIA,CARRETERA CAMARGO-JIMENEZ,CHIHUAHUA,25/01/2010,"BATALLONDEINFANTERIA","ACCIDENTEAUTOMOVILISTICO"
145,SOLDADO,EJERCITO,INFANTERIA,MPIO. DE TEQUILA,JALISCO,26/01/2010,"BATALLONDEINFANTERIA",AHOGADO
146,TENIENTE,EJERCITO,INFANTERIA,MPIO. SAN SEBASTIAN DEL OESTE,JALISCO,01/02/2010,"COMPAÑIADEINFANTERIANOENCUADRADA","AGRESIONCONARMADEFUEGO."
147,SOLDADO,EJERCITO,INFANTERIA,MPIO. SAN SEBASTIAN DEL OESTE,JALISCO,01/02/2010,"COMPAÑIADEINFANTERIANOENCUADRADA","AGRESIONCONARMADEFUEGO."
148,SARGENTO 2/o.,FUERZA AEREA,FUSILERO PARACAIDISTA,MPIO. TAMAZULA,DURANGO,04/02/2010,"BATALLONDEFUSILEROSPARACAIDISTAS",AHOGADO
149,SOLDADO,EJERCITO,INFANTERIA,"CEVERICHI, MPIO. DE GUASAVE",SINALOA,20/02/2010,"BATALLONDEINFANTERIA",AHOGADO
150,SARGENTO 2/o.,EJERCITO,CABALLERIA,MIGUEL ALEMAN,TAMAULIPAS,23/02/2010,"REGIMIENTODECABALLERIAMOTORIZADO","AGRESIONCONARMADEFUEGO."
151,CABO,EJERCITO,INFANTERIA,APODACA,NUEVO LEON,27/02/2010,"BATALLONDEINFANTERIA","AGRESIONCONARMADEFUEGO."
"",GRADO,FUERZA ARMADA,ARMA/SERVICIO,LUGAR Y/O MPIO.,ESTADO,FECHA,UNIDAD,TIPO DE EVENTO
152,SOLDADO,EJERCITO,INFANTERIA,MPIO. ANAHUAC,NUEVO LEON,02/03/2010,"BATALLONDEINFANTERIA","AGRESIONCONARMADEFUEGO."
153,SARGENTO 2/o.,EJERCITO,INFANTERIA,MPIO. ANAHUAC,NUEVO LEON,03/03/2010,"BATALLONDEINFANTERIA","AGRESIONCONARMADEFUEGO."
154,SARGENTO 2/o.,EJERCITO,AUXILIAR CARPINTERO,"COL. EL SAUCITO, CHIHUAHUA",CHIHUAHUA,09/03/2010,CUARTEL GENERAL,"AGRESIONCONARMADEFUEGO."
155,CABO,EJERCITO,INFANTERIA,"COL. EL SAUCITO, CHIHUAHUA",CHIHUAHUA,09/03/2010,"BATALLONDEINFANTERIA","AGRESIONCONARMADEFUEGO."
156,SOLDADO,EJERCITO,INFANTERIA,AJUCHITLAN DEL PROGRESO,GUERRERO,13/03/2010,"BATALLONDEINFANTERIA","AGRESIONCONARMADEFUEGO."
157,CABO,EJERCITO,INFANTERIA,REYNOSA,TAMAULIPAS,18/03/2010,FUERZAS ESPECIALES,"AGRESIONCONARMADEFUEGO."
158,SARGENTO 2/o.,EJERCITO,INFANTERIA,MONTERREY,NUEVO LEON,19/03/2010,FUERZAS ESPECIALES,"ACCIDENTEAUTOMOVILISTICO"
159,CABO,EJERCITO,SANIDAD,"CD. VICTORIA, TAMPS.",TAMAULIPAS,19/03/2010,"BATALLONDEINFANTERIA","AGRESIONCONARMADEFUEGO."
160,SOLDADO,EJERCITO,INFANTERIA,VERACRUZ,VERACRUZ,23/03/2010,"BATALLONDEINFANTERIA","AGRESIONCONARMADEFUEGO."
161,CABO,EJERCITO,INFANTERIA,"TAYOLTITA, MPIO. DE SAN DIMAS",DURANGO,27/03/2010,"BATALLONDEINFANTERIA","AGRESIONCONARMADEFUEGO."
162,CAPITAN 2/o.,EJERCITO,INFANTERIA,CD. DEL CARMEN,CAMPECHE,29/03/2010,FUERZAS ESPECIALES,"ACCIDENTECONARMADEFUEGO"
163,CABO,EJERCITO,INFANTERIA,LOS COMALES,TAMAULIPAS,13/04/2010,"BATALLONDEINFANTERIA","AGRESIONCONARMADEFUEGO."
164,SOLDADO,EJERCITO,INFANTERIA,LOS COMALES,TAMAULIPAS,13/04/2010,"BATALLONDEINFANTERIA","AGRESIONCONARMADEFUEGO."
165,CABO,EJERCITO,INFANTERIA,ACAPULCO,GUERRERO,22/04/2010,"COMPAÑIADEINFANTERIANOENCUADRADA","AGRESIONCONARMADEFUEGO."
166,TENIENTE,EJERCITO,INFANTERIA,"BUENAVISTA,          MPIO.          DEMATEHUALA",SAN LUIS POTOSÍ,04/05/2010,"BATALLONDEPOLICIAMILITAR","AGRESIONCONARMADEFUEGO."
167,SOLDADO,EJERCITO,INFANTERIA,MPIO. DE POZA RICA,VERACRUZ,18/05/2010,"BATALLONDEINFANTERIA","AGRESIONCONARMADEFUEGO."
168,SOLDADO,EJERCITO,INFANTERIA,"CAMINO   DE   SEGUNDO  ORDENTANCITARO-URINGUITIRO",MICHOACAN,23/05/2010,"BATALLONDEINFANTERIA","ACCIDENTEAUTOMOVILISTICO"
169,SOLDADO,EJERCITO,CABALLERIA,MPIO. DE PIEDRAS NEGRAS,COAHUILA,26/05/2010,"REGIMIENTODECABALLERIAMOTORIZADO","AGRESIONCONARMADEFUEGO."
170,SARGENTO 2/o.,EJERCITO,INFANTERIA,TIERRA MORADA,ZACATECAS,03/06/2010,"COMPAÑIADEINFANTERIANOENCUADRADA","ACCIDENTEAUTOMOVILISTICO"
"",GRADO,FUERZA ARMADA,ARMA/SERVICIO,LUGAR Y/O MPIO.,ESTADO,FECHA,UNIDAD,TIPO DE EVENTO
171,SARGENTO 2/o.,EJERCITO,SANIDAD,TIERRA MORADA,ZACATECAS,03/06/2010,"COMPAÑIADEINFANTERIANOENCUADRADA","ACCIDENTEAUTOMOVILISTICO"
172,SOLDADO,EJERCITO,INFANTERIA,TIERRA MORADA,ZACATECAS,03/06/2010,"COMPAÑIADEINFANTERIANOENCUADRADA","ACCIDENTEAUTOMOVILISTICO"
173,SUBTENIENTE,EJERCITO,CABALLERIA,"KM.  218+300  CARR.  CHIVELA  -MATIAS ROMERO, OAX.",OAXACA,12/06/2010,"REGIMIENTODECABALLERIAMOTORIZADO","ACCIDENTEAUTOMOVILISTICO"
174,SOLDADO,EJERCITO,CABALLERIA,"KM.  218+300  CARR.  CHIVELA  -MATIAS ROMERO, OAX.",OAXACA,12/06/2010,"REGIMIENTODECABALLERIAMOTORIZADO","ACCIDENTEAUTOMOVILISTICO"
175,SOLDADO,EJERCITO,CABALLERIA,NUEVO LAREDO.,TAMAULIPAS,15/06/2010,"REGIMIENTODECABALLERIAMOTORIZADO","AGRESIONCONARMADEFUEGO."
176,TENIENTE,EJERCITO,INFANTERIA,MPIO. MIGUEL ALEMAN,TAMAULIPAS,17/06/2010,"BATALLONDEFUSILEROSPARACAIDISTAS","AGRESIONCONARMADEFUEGO."
177,CABO,FUERZA AEREA,FUSILERO PARACAIDISTA,MPIO. MIGUEL ALEMAN,TAMAULIPAS,17/06/2010,"BATALLONDEFUSILEROSPARACAIDISTAS","AGRESIONCONARMADEFUEGO."
178,CABO,FUERZA AEREA,FUSILERO PARACAIDISTA,MPIO. MIGUEL ALEMAN,TAMAULIPAS,17/06/2010,"BATALLONDEFUSILEROSPARACAIDISTAS","AGRESIONCONARMADEFUEGO."
179,SUBTENIENTE,EJERCITO,INFANTERIA,TEPIC,NAYARIT,18/06/2010,"BATALLONDEINFANTERIA","AGRESIONCONARMADEFUEGO."
180,MAYOR,EJERCITO,"CABALLERIADIPLOMADODE ESTADO MAYOR",BADIRAGUATO,SINALOA,19/06/2010,E.M.D.N.,ACCIDENTE AEREO
181,CAPITAN 2/o.,EJERCITO,INFANTERIA,BADIRAGUATO,SINALOA,19/06/2010,E.M.D.N.,ACCIDENTE AEREO
182,TENIENTE,FUERZA AEREA,PILOTO AVIADOR,BADIRAGUATO,SINALOA,19/06/2010,ESCUADRON AEREO,ACCIDENTE AEREO
183,TENIENTE,FUERZA AEREA,PILOTO AVIADOR,BADIRAGUATO,SINALOA,19/06/2010,ESCUADRON AEREO,ACCIDENTE AEREO
184,TENIENTE,EJERCITO,INFANTERIA,BADIRAGUATO,SINALOA,19/06/2010,FUERZAS ESPECIALES,ACCIDENTE AEREO
185,SARGENTO 1/o.,FUERZA AEREA,"ESPECIALISTAENELECTRONICADEAVIACION",BADIRAGUATO,SINALOA,19/06/2010,ESCUADRON AEREO,ACCIDENTE AEREO
186,SARGENTO 2/o.,FUERZA AEREA,FUSILERO PARACAIDISTA,BADIRAGUATO,SINALOA,19/06/2010,FUERZAS ESPECIALES,ACCIDENTE AEREO
187,SARGENTO 2/o.,FUERZA AEREA,FUSILERO PARACAIDISTA,BADIRAGUATO,SINALOA,19/06/2010,FUERZAS ESPECIALES,ACCIDENTE AEREO
188,SARGENTO 2/o.,FUERZA AEREA,FUSILERO PARACAIDISTA,BADIRAGUATO,SINALOA,19/06/2010,FUERZAS ESPECIALES,ACCIDENTE AEREO
189,CABO,EJERCITO,SANIDAD,BADIRAGUATO,SINALOA,19/06/2010,FUERZAS ESPECIALES,ACCIDENTE AEREO
"",GRADO,FUERZA ARMADA,ARMA/SERVICIO,LUGAR Y/O MPIO.,ESTADO,FECHA,UNIDAD,TIPO DE EVENTO
190,CABO,FUERZA AEREA,FUSILERO PARACAIDISTA,BADIRAGUATO,SINALOA,19/06/2010,FUERZAS ESPECIALES,ACCIDENTE AEREO
191,CABO,EJERCITO,INFANTERIA,MPIO. DE RIO VERDE,SAN LUIS POTOSÍ,27/06/2010,"BATALLONDEINFANTERIA","AGRESIONCONARMADEFUEGO."
192,SOLDADO,EJERCITO,INFANTERIA,COSAMALOAPAN,VERACRUZ,27/06/2010,"BATALLONDEINFANTERIA",OTROS
193,SOLDADO,EJERCITO,CABALLERIA,REYNOSA,TAMAULIPAS,11/07/2010,"REGIMIENTODECABALLERIAMOTORIZADO","AGRESIONCONARMADEFUEGO."
194,CABO,EJERCITO,CABALLERIA,NUEVO LAREDO.,TAMAULIPAS,16/07/2010,"REGIMIENTODECABALLERIAMOTORIZADO","AGRESIONCONARMADEFUEGO."
195,SARGENTO 2/o.,FUERZA AEREA,FUSILERO PARACAIDISTA,"A    8    KMS.    AL    SURESTE   DEGUADALUPE DE LOS REYES",SINALOA,17/07/2010,FUERZAS ESPECIALES,"AGRESIONCONARMADEFUEGO."
196,TENIENTE,EJERCITO,ARTILLERIA,ZAPOPAN,JALISCO,29/07/2010,FUERZAS ESPECIALES,"AGRESIONCONARMADEFUEGO."
197,CABO,EJERCITO,CABALLERIA,REYNOSA,TAMAULIPAS,06/08/2010,"REGIMIENTODECABALLERIAMOTORIZADO","AGRESIONCONARMADEFUEGO."
198,SOLDADO,EJERCITO,TRANSMISIONES,REYNOSA,TAMAULIPAS,06/08/2010,"REGIMIENTODECABALLERIAMOTORIZADO","AGRESIONCONARMADEFUEGO."
199,SOLDADO,EJERCITO,INFANTERIA,TAMPICO,TAMAULIPAS,13/08/2010,"BATALLONDEINFANTERIA","ACCIDENTEAUTOMOVILISTICO"
200,SOLDADO,EJERCITO,CABALLERIA,MATAMOROS,TAMAULIPAS,20/08/2010,"REGIMIENTODECABALLERIAMOTORIZADO","AGRESIONCONARMADEFUEGO."
201,TENIENTE,EJERCITO,CABALLERIA,REYNOSA,TAMAULIPAS,24/08/2010,"REGIMIENTODECABALLERIAMOTORIZADO","AGRESIONCONARMADEFUEGO."
202,CABO,EJERCITO,CABALLERIA,REYNOSA,TAMAULIPAS,24/08/2010,"REGIMIENTODECABALLERIAMOTORIZADO","AGRESIONCONARMADEFUEGO."
203,SOLDADO,EJERCITO,CABALLERIA,REYNOSA,TAMAULIPAS,24/08/2010,"REGIMIENTODECABALLERIAMOTORIZADO","AGRESIONCONARMADEFUEGO."
204,SOLDADO,EJERCITO,CABALLERIA,REYNOSA,TAMAULIPAS,24/08/2010,"REGIMIENTODECABALLERIAMOTORIZADO","AGRESIONCONARMADEFUEGO."
205,SOLDADO,EJERCITO,INFANTERIA,PANUCO,VERACRUZ,30/08/2010,"BATALLONDEINFANTERIA","AGRESIONCONARMADEFUEGO."
206,TENIENTE,EJERCITO,INFANTERIA,CD. GUZMAN,JALISCO,02/09/2010,"BATALLONDEINFANTERIA",EJECUTADO
207,CABO,EJERCITO,CONDUCTOR,TEPIC,NAYARIT,03/10/2010,"BATALLONDEINFANTERIA","ACCIDENTEAUTOMOVILISTICO"
208,SARGENTO 2/o.,EJERCITO,INFANTERIA,MAZATLAN,SINALOA,20/10/2010,"BATALLONDEINFANTERIA",EJECUTADO
"",GRADO,FUERZA ARMADA,ARMA/SERVICIO,LUGAR Y/O MPIO.,ESTADO,FECHA,UNIDAD,TIPO DE EVENTO
209,CABO,EJERCITO,INFANTERIA,MAZATLAN,SINALOA,20/10/2010,"BATALLONDEINFANTERIA",EJECUTADO
210,SOLDADO,EJERCITO,INFANTERIA,MONTERREY,NUEVO LEON,21/10/2010,"BATALLONDEINFANTERIA","AGRESIONCONARMADEFUEGO."
211,CABO,EJERCITO,INFANTERIA,MONTERREY,NUEVO LEON,28/10/2010,"BATALLONDEINFANTERIA","ACCIDENTEAUTOMOVILISTICO"
212,SARGENTO 2/o.,EJERCITO,INFANTERIA,"FRACCIONAMIENTO VALLE ALTO,MATAMOROS",TAMAULIPAS,05/11/2010,FUERZAS ESPECIALES,"AGRESIONCONARMADEFUEGO."
213,TENIENTE,EJERCITO,INFANTERIA,SALTILLO,COAHUILA,10/11/2010,"BATALLONDEINFANTERIA",EJECUTADO
214,CABO,EJERCITO,INFANTERIA,CD. MIER,TAMAULIPAS,13/11/2010,FUERZAS ESPECIALES,"AGRESIONCONARMADEFUEGO."
215,CABO,EJERCITO,INFANTERIA,CD. MIER,TAMAULIPAS,13/11/2010,FUERZAS ESPECIALES,"AGRESIONCONARMADEFUEGO."
216,CABO,EJERCITO,INFANTERIA,CD. MIER,TAMAULIPAS,13/11/2010,"BATALLONDEINFANTERIA","AGRESIONCONARMADEFUEGO."
217,SOLDADO,EJERCITO,INFANTERIA,CD. MIER,TAMAULIPAS,13/11/2010,"BATALLONDEINFANTERIA","AGRESIONCONARMADEFUEGO."
218,TENIENTE,FUERZA AEREA,PILOTO AVIADOR,MONTERREY,NUEVO LEON,24/11/2010,ESCUADRON AEREO,ACCIDENTE AEREO
219,TENIENTE,FUERZA AEREA,PILOTO AVIADOR,MONTERREY,NUEVO LEON,24/11/2010,ESCUADRON AEREO,ACCIDENTE AEREO
220,TENIENTE,FUERZA AEREA,PILOTO AVIADOR,MONTERREY,NUEVO LEON,24/11/2010,ESCUADRON AEREO,ACCIDENTE AEREO
221,SARGENTO 1/o.,FUERZA AEREA,"ESPECIALISTAENELECTRONICADEAVIACION",MONTERREY,NUEVO LEON,24/11/2010,ESCUADRON AEREO,ACCIDENTE AEREO
222,SARGENTO 2/o.,FUERZA AEREA,"ESPECIALISTAENMANTENIMIENTO AEREO",MONTERREY,NUEVO LEON,24/11/2010,ESCUADRON AEREO,ACCIDENTE AEREO
223,SOLDADO,EJERCITO,INFANTERIA,TEPEHUANES,DURANGO,03/12/2010,"BATALLONDEINFANTERIA","ACCIDENTEAUTOMOVILISTICO"
224,CAPITAN 2/o.,EJERCITO,INFANTERIA,URUAPAN,MICHOACAN,21/12/2010,"BATALLONDEINFANTERIA",EJECUTADO
225,TENIENTE,EJERCITO,INFANTERIA,MPIO. DE OCAMPO,CHIHUAHUA,22/12/2010,"BATALLONDEINFANTERIA",ACCIDENTE AEREO
226,CABO,EJERCITO,INFANTERIA,CARRETERA COSALA - SINALOA,SINALOA,26/12/2010,FUERZAS ESPECIALES,"ACCIDENTEAUTOMOVILISTICO"
227,SOLDADO,EJERCITO,INFANTERIA,ZITACUARO,MICHOACAN,11/01/2011,"BATALLONDEINFANTERIA","ACCIDENTEAUTOMOVILISTICO"
"",GRADO,FUERZA ARMADA,ARMA/SERVICIO,LUGAR Y/O MPIO.,ESTADO,FECHA,UNIDAD,TIPO DE EVENTO
228,SOLDADO,EJERCITO,CABALLERIA,CD.REYNOSA,TAMAULIPAS,12/01/2011,"REGIMIENTODECABALLERIAMOTORIZADO","AGRESIONCONARMADEFUEGO."
229,TENIENTE,EJERCITO,INFANTERIA,XALAPA,VERACRUZ,13/01/2011,"BATALLONDEINFANTERIA","AGRESIONCONARMADEFUEGO."
230,SARGENTO 1/o.,EJERCITO,INFANTERIA,XALAPA,VERACRUZ,13/01/2011,"BATALLONDEINFANTERIA","AGRESIONCONARMADEFUEGO."
231,SOLDADO,EJERCITO,SANIDAD,MPIO. DE LA COLORADA,SONORA,17/01/2011,"BATALLONDEINFANTERIA",AHOGADO
232,CABO,FUERZA AEREA,FUSILERO PARACAIDISTA,MPIO. GUSTAVO DIAZ ORDAZ,TAMAULIPAS,24/01/2011,FUERZAS ESPECIALES,"AGRESIONCONARMADEFUEGO."
233,SOLDADO,EJERCITO,INFANTERIA,TABASCO,ZACATECAS,09/02/2011,"BATALLONDEINFANTERIA","AGRESIONCONARMADEFUEGO."
234,CABO,EJERCITO,MATERIALES DE GUERRA,MPIO. DE RAMOS ARIZPE,COAHUILA,06/03/2011,"BATALLONDEINFANTERIA","AGRESIONCONARMADEFUEGO."
235,CABO,EJERCITO,INFANTERIA,NUEVO LAREDO.,TAMAULIPAS,08/03/2011,"BATALLONDEINFANTERIA","ACCIDENTEAUTOMOVILISTICO"
236,SOLDADO,EJERCITO,INFANTERIA,MPIO. EL FUERTE,SINALOA,11/03/2011,GRUPO DE MORTEROS,"ACCIDENTEAUTOMOVILISTICO"
237,SOLDADO,EJERCITO,INFANTERIA,MPIO. DE TLALCHAPA,GUERRERO,14/03/2011,"BATALLONDEINFANTERIA",EJECUTADO
238,"TENIENTECORONEL",EJERCITO,INFANTERIA,ZAMORA,MICHOACAN,15/03/2011,"BATALLONDEINFANTERIA",EJECUTADO
239,SOLDADO,EJERCITO,INFANTERIA,ACAPONETA,NAYARIT,21/03/2011,"BATALLONDEINFANTERIA",EJECUTADO
240,TENIENTE,EJERCITO,INFANTERIA,COMUNIDAD EL ESCONDIDO,GUERRERO,29/03/2011,"BATALLONDEINFANTERIA","AGRESIONCONARMADEFUEGO."
241,CABO,EJERCITO,INFANTERIA,COMUNIDAD EL ESCONDIDO,GUERRERO,29/03/2011,"BATALLONDEINFANTERIA","AGRESIONCONARMADEFUEGO."
242,CABO,EJERCITO,INFANTERIA,MIGUEL ALEMAN,TAMAULIPAS,02/04/2011,"BATALLONDEINFANTERIA","ACCIDENTEAUTOMOVILISTICO"
243,SOLDADO,EJERCITO,INFANTERIA,ACAPULCO,GUERRERO,04/04/2011,"BATALLONDEINFANTERIA","AGRESIONCONARMADEFUEGO."
244,SOLDADO,EJERCITO,INFANTERIA,"CARRETERA       ESTATAL       SANRAFAEL-CREEL,ENTRELOSMPIOS. URIQUE Y BOCOYNA",CHIHUAHUA,12/04/2011,"BATALLONDEINFANTERIA","ACCIDENTEAUTOMOVILISTICO"
245,SOLDADO,EJERCITO,INFANTERIA,CD. MIER,TAMAULIPAS,21/04/2011,"BATALLONDEINFANTERIA","AGRESIONCONARMADEFUEGO."
246,TENIENTE,EJERCITO,INFANTERIA,CD. ALTAMIRANO,GUERRERO,29/04/2011,"BATALLONDEINFANTERIA","AGRESIONCONARMADEFUEGO."
"",GRADO,FUERZA ARMADA,ARMA/SERVICIO,LUGAR Y/O MPIO.,ESTADO,FECHA,UNIDAD,TIPO DE EVENTO
247,SARGENTO 2/o.,EJERCITO,INFANTERIA,"RIO  YAQUI  EN  LA  REGION  DEALAMOS, SON.",SONORA,08/05/2011,"BATALLONDEINFANTERIA",AHOGADO
248,SUBTENIENTE,EJERCITO,INFANTERIA,SAN LUIS POTOSI,SAN LUIS POTOSÍ,11/05/2011,"BATALLONDEINFANTERIA","AGRESIONCONARMADEFUEGO."
249,CABO,EJERCITO,INFANTERIA,MONCLOVA,COAHUILA,18/05/2011,"BATALLONDEINFANTERIA","AGRESIONCONARMADEFUEGO."
250,SOLDADO,EJERCITO,SANIDAD,MONCLOVA,COAHUILA,18/05/2011,"BATALLONDEINFANTERIA","AGRESIONCONARMADEFUEGO."
251,SOLDADO,EJERCITO,INFANTERIA,MAZATLAN,SINALOA,01/06/2011,"COMPAÑIADEINFANTERIANOENCUADRADA","AGRESIONCONARMADEFUEGO."
252,SOLDADO,EJERCITO,INFANTERIA,SALINAS VICTORIA,NUEVO LEON,02/06/2011,"BATALLONDEINFANTERIA","AGRESIONCONARMADEFUEGO."
253,SOLDADO,EJERCITO,INFANTERIA,SALINAS VICTORIA,NUEVO LEON,02/06/2011,"BATALLONDEINFANTERIA","AGRESIONCONARMADEFUEGO."
254,CABO,EJERCITO,POLICIA MILITAR,MONTERREY,NUEVO LEON,14/06/2011,"BATALLONDEOPERACIONESESPECIALES","AGRESIONCONARMADEFUEGO."
255,SARGENTO 2/o.,EJERCITO,CABALLERIA,CD. REYNOSA,TAMAULIPAS,22/06/2011,"REGIMIENTODECABALLERIAMOTORIZADO","AGRESIONCONARMADEFUEGO."
256,CABO,EJERCITO,INFANTERIA,"LOMAS DE LA LAGUNA, TEPIC",NAYARIT,19/07/2011,"BATALLONDEINFANTERIA","ACCIDENTEAUTOMOVILISTICO"
257,CABO,EJERCITO,CABALLERIA,CENTRO DE NUEVO LAREDO,TAMAULIPAS,02/08/2011,"REGIMIENTODECABALLERIAMOTORIZADO","AGRESIONCONARMADEFUEGO."
258,SOLDADO,EJERCITO,CABALLERIA,COL. VILLAFLORIDA CD. REYNOSA,TAMAULIPAS,09/08/2011,"REGIMIENTODECABALLERIAMOTORIZADO","AGRESIONCONARMADEFUEGO."
259,SOLDADO,EJERCITO,TRANSMISIONES,COL. VILLAFLORIDA CD. REYNOSA,TAMAULIPAS,09/08/2011,"REGIMIENTODECABALLERIAMOTORIZADO","AGRESIONCONARMADEFUEGO."
260,CABO,EJERCITO,INFANTERIA,MPIO. DE GUACHOCHI,CHIHUAHUA,15/08/2011,"BATALLONDEINFANTERIA","AGRESIONCONARMADEFUEGO."
261,SOLDADO,EJERCITO,INFANTERIA,VENUSTIANO CARRANZA,MICHOACAN,17/08/2011,"BATALLONDEINFANTERIA","ACCIDENTEAUTOMOVILISTICO"
262,SOLDADO,EJERCITO,TRANSMISIONES,MPIO. DE SAN FERNANDO,TAMAULIPAS,18/08/2011,"BATALLONDEINFANTERIA","AGRESIONCONARMADEFUEGO."
263,TENIENTE,EJERCITO,INFANTERIA,JALPA,ZACATECAS,21/08/2011,"BATALLONDEINFANTERIA","AGRESIONCONARMADEFUEGO."
264,SUBTENIENTE,EJERCITO,INFANTERIA,JALPA,ZACATECAS,22/08/2011,"BATALLONDEINFANTERIA","AGRESIONCONARMADEFUEGO."
265,SOLDADO,EJERCITO,INFANTERIA,"MPIO.   DE   SANTA   CLARA   DELCOBRE",MICHOACAN,24/08/2011,"COMPAÑIADEINFANTERIANOENCUADRADA","AGRESIONCONARMADEFUEGO."
"",GRADO,FUERZA ARMADA,ARMA/SERVICIO,LUGAR Y/O MPIO.,ESTADO,FECHA,UNIDAD,TIPO DE EVENTO
266,SARGENTO 2/o.,EJERCITO,POLICIA MILITAR,ALTAMIRA,TAMAULIPAS,25/08/2011,"REGIMIENTODECABALLERIAMOTORIZADO","ACCIDENTEAUTOMOVILISTICO"
267,SOLDADO,EJERCITO,SANIDAD,MATAMOROS,TAMAULIPAS,26/08/2011,"REGIMIENTODECABALLERIAMOTORIZADO","ACCIDENTEAUTOMOVILISTICO"
268,SOLDADO,EJERCITO,INFANTERIA,CULIACAN,SINALOA,27/08/2011,"BATALLONDEINFANTERIA","ACCIDENTEAUTOMOVILISTICO"
269,CABO,EJERCITO,CONDUCTOR,NUEVO LAREDO.,TAMAULIPAS,02/09/2011,"BATALLONDEOPERACIONESESPECIALES","AGRESIONCONARMADEFUEGO."
270,SOLDADO,EJERCITO,CABALLERIA,MATAMOROS,TAMAULIPAS,05/09/2011,"REGIMIENTODECABALLERIAMOTORIZADO","AGRESIONCONARMADEFUEGO."
271,TENIENTE,EJERCITO,INFANTERIA,"SAN   LUIS   SAN   PEDRO,   MPIO.TECPAN DE GALEANA",GUERRERO,20/09/2011,"BATALLONDEINFANTERIA","AGRESIONCONARMADEFUEGO."
272,SOLDADO,EJERCITO,INFANTERIA,"SAN   LUIS   SAN   PEDRO,   MPIO.TECPAN DE GALEANA",GUERRERO,20/09/2011,"BATALLONDEINFANTERIA","AGRESIONCONARMADEFUEGO."
273,SOLDADO,EJERCITO,INFANTERIA,"SAN   LUIS   SAN   PEDRO,   MPIO.TECPAN DE GALEANA",GUERRERO,20/09/2011,"BATALLONDEINFANTERIA","AGRESIONCONARMADEFUEGO."
274,SOLDADO,EJERCITO,SANIDAD,MPIO. DE VALLECILLOS,NUEVO LEON,12/10/2011,"BATALLONDEINFANTERIA","AGRESIONCONARMADEFUEGO."
275,SOLDADO,EJERCITO,INFANTERIA,TANCITARO,MICHOACAN,19/10/2011,"BATALLONDEINFANTERIA","AGRESIONCONARMADEFUEGO."
276,CABO,EJERCITO,POLICIA MILITAR,NUEVO LAREDO.,TAMAULIPAS,23/10/2011,"BATALLONDEPOLICIAMILITAR","AGRESIONCONARMADEFUEGO."
277,SOLDADO,EJERCITO,SANIDAD,NUEVO LAREDO.,TAMAULIPAS,19/11/2011,"REGIMIENTODECABALLERIAMOTORIZADO","AGRESIONCONARMADEFUEGO."
278,CAPITAN 2/o.,EJERCITO,ARTILLERIA,GUADALUPE Y CALVO,CHIHUAHUA,25/11/2011,"REGIMIENTODEARTILLERIA","ACCIDENTEAUTOMOVILISTICO"
279,CABO,EJERCITO,MECANICO AUTOMOTRIZ,GUADALUPE Y CALVO,CHIHUAHUA,25/11/2011,"REGIMIENTODEARTILLERIA","ACCIDENTEAUTOMOVILISTICO"
280,SOLDADO,EJERCITO,INFANTERIA,COATEPEC- XICO,VERACRUZ,26/11/2011,"BATALLONDEINFANTERIA","AGRESIONCONARMADEFUEGO."
281,SOLDADO,EJERCITO,INFANTERIA,MPIO. GRAL. BRAVO,NUEVO LEON,03/12/2011,"BATALLONDEINFANTERIA","AGRESIONCONARMADEFUEGO."
282,SARGENTO 2/o.,EJERCITO,INFANTERIA,SANTA ANA,SONORA,12/12/2011,"BATALLONDEINFANTERIA","ACCIDENTEAUTOMOVILISTICO"
283,CABO,EJERCITO,TRANSMISIONES,SANTA ANA,SONORA,12/12/2011,"BATALLONDEINFANTERIA","ACCIDENTEAUTOMOVILISTICO"
284,SOLDADO,EJERCITO,SANIDAD,SANTA ANA,SONORA,12/12/2011,"BATALLONDEINFANTERIA","ACCIDENTEAUTOMOVILISTICO"
"",GRADO,FUERZA ARMADA,ARMA/SERVICIO,LUGAR Y/O MPIO.,ESTADO,FECHA,UNIDAD,TIPO DE EVENTO
285,SOLDADO,EJERCITO,INFANTERIA,SANTA ANA,SONORA,12/12/2011,"BATALLONDEINFANTERIA","ACCIDENTEAUTOMOVILISTICO"
286,CABO,EJERCITO,INFANTERIA,SALTILLO,COAHUILA,15/12/2011,"BATALLONDEINFANTERIA","AGRESIONCONARMADEFUEGO."
287,SOLDADO,EJERCITO,INFANTERIA,PIEDRAS NEGRAS,COAHUILA,15/12/2011,"BATALLONDEINFANTERIA","AGRESIONCONARMADEFUEGO."
288,CABO,EJERCITO,INFANTERIA,"TRAMO                        CARRETEROHERMOSILLO - SANTA ANA",SONORA,18/12/2011,"BATALLONDEINFANTERIA","ACCIDENTEAUTOMOVILISTICO"
289,SARGENTO 2/o.,EJERCITO,CONDUCTOR,TANGAMANDAPIO,MICHOACAN,04/01/2012,"BATALLONDEINFANTERIA","AGRESIONCONARMADEFUEGO."
290,SOLDADO,EJERCITO,INFANTERIA,CD. VICTORIA,TAMAULIPAS,16/01/2012,"BATALLONDEINFANTERIA","AGRESIONCONARMADEFUEGO."
291,CABO,EJERCITO,INFANTERIA,ESCOBEDO,NUEVO LEON,20/01/2012,"BATALLONDEINFANTERIA","AGRESIONCONARMADEFUEGO."
292,SUBTENIENTE,EJERCITO,INFANTERIA,VILLALDAMA,NUEVO LEON,22/01/2012,"BATALLONDEINFANTERIA",ATROPELLADO
293,SARGENTO 2/o.,EJERCITO,CABALLERIA,NUEVO LAREDO.,TAMAULIPAS,27/01/2012,"REGIMIENTODECABALLERIAMOTORIZADO","AGRESIONCONARMADEFUEGO."
294,CABO,EJERCITO,INFANTERIA,GUASAVE,SINALOA,30/01/2012,"BATALLONDEINFANTERIA","AGRESIONCONARMADEFUEGO."
295,SOLDADO,EJERCITO,INFANTERIA,GUASAVE,SINALOA,30/01/2012,"BATALLONDEINFANTERIA","AGRESIONCONARMADEFUEGO."
296,SOLDADO,EJERCITO,INFANTERIA,GUASAVE,SINALOA,30/01/2012,"BATALLONDEINFANTERIA","AGRESIONCONARMADEFUEGO."
297,CABO,EJERCITO,INFANTERIA,NAMIQUIPA,CHIHUAHUA,31/01/2012,"BATALLONDEINFANTERIA","AGRESIONCONARMADEFUEGO."
298,SARGENTO 2/o.,EJERCITO,INFANTERIA,SAN IGNACIO.,SINALOA,02/02/2012,"COMPAÑIADEINFANTERIANOENCUADRADA","AGRESIONCONARMADEFUEGO."
299,SOLDADO,EJERCITO,SANIDAD,ANAHUAC,NUEVO LEON,13/02/2012,"REGIMIENTODEARTILLERIA","AGRESIONCONARMADEFUEGO."
300,TENIENTE,EJERCITO,INFANTERIA,COMITAN DE DOMINGUEZ,CHIAPAS,25/02/2012,"BATALLONDEINFANTERIA","ACCIDENTEAUTOMOVILISTICO"
301,SOLDADO,EJERCITO,INFANTERIA,TIQUICHEO,MICHOACAN,27/02/2012,"BATALLONDEINFANTERIA","AGRESIONCONARMADEFUEGO."
302,SARGENTO 2/o.,EJERCITO,POLICIA MILITAR,CIUDAD VICTORIA,TAMAULIPAS,04/03/2012,"BATALLONDEPOLICIAMILITAR","AGRESIONCONARMADEFUEGO."
303,SARGENTO 1/o.,EJERCITO,TRANSMISIONES,VICTORIA DE DURANGO,DURANGO,12/03/2012,FUERZAS ESPECIALES,"AGRESIONCONARMADEFUEGO."
"",GRADO,FUERZA ARMADA,ARMA/SERVICIO,LUGAR Y/O MPIO.,ESTADO,FECHA,UNIDAD,TIPO DE EVENTO
304,CABO,EJERCITO,INFANTERIA,ESCOBEDO,NUEVO LEON,19/03/2012,"BATALLONDEINFANTERIA","ACCIDENTEAUTOMOVILISTICO"
305,SOLDADO,EJERCITO,CABALLERIA,NUEVO LAREDO.,TAMAULIPAS,24/03/2012,"REGIMIENTODECABALLERIAMOTORIZADO","AGRESIONCONARMADEFUEGO."
306,SOLDADO,EJERCITO,INFANTERIA,RIO BRAVO,TAMAULIPAS,31/03/2012,"BATALLONDEINFANTERIA","ACCIDENTEAUTOMOVILISTICO"
307,SOLDADO,EJERCITO,POLICIA MILITAR,TAMPICO,TAMAULIPAS,11/04/2012,"BATALLONDEPOLICIAMILITAR","ACCIDENTEAUTOMOVILISTICO"
308,SARGENTO 2/o.,EJERCITO,INFANTERIA,SAN FERNANDO,TAMAULIPAS,12/04/2012,"BATALLONDEINFANTERIA",CAIDA
309,SOLDADO,EJERCITO,INFANTERIA,SAN LUIS POTOSI,SAN LUIS POTOSÍ,20/04/2012,"BATALLONDEINFANTERIA",CAIDA
310,SOLDADO,EJERCITO,INFANTERIA,SINALOA DE LEYVA,SINALOA,21/04/2012,"BATALLONDEINFANTERIA","AGRESIONCONARMADEFUEGO."
311,TENIENTE,EJERCITO,INFANTERIA,ABASOLO,TAMAULIPAS,22/04/2012,"BATALLONDEINFANTERIA",EJECUTADO
312,SOLDADO,EJERCITO,INFANTERIA,ABASOLO,TAMAULIPAS,22/04/2012,"BATALLONDEINFANTERIA",EJECUTADO
313,SARGENTO 2/o.,FUERZA AEREA,"ESPECIALISTAENELECTRONICADEAVIACION","SAN   JOSE   DEL   LLANO,   MPIO.BADIRAGUATO",SINALOA,28/04/2012,ESCUADRON AEREO,"AGRESIONCONARMADEFUEGO."
314,SOLDADO,EJERCITO,INFANTERIA,GUASAVE,SINALOA,02/05/2012,"BATALLONDEINFANTERIA","AGRESIONCONARMADEFUEGO."
315,SOLDADO,EJERCITO,TRANSMISIONES,GUASAVE,SINALOA,02/05/2012,"BATALLONDEINFANTERIA","AGRESIONCONARMADEFUEGO."
316,CORONEL,EJERCITO,"INFANTERIADIPLOMADODE ESTADO MAYOR",SANTIAGO PAPASQUIARO,DURANGO,08/05/2012,FUERZAS ESPECIALES,"ACCIDENTECONARMADEFUEGO"
317,CABO,EJERCITO,INFANTERIA,LINARES,NUEVO LEON,11/05/2012,"BATALLONDEINFANTERIA","ACCIDENTEAUTOMOVILISTICO"
318,SOLDADO,EJERCITO,INFANTERIA,XALAPA,VERACRUZ,12/05/2012,"BATALLONDEINFANTERIA","ACCIDENTEAUTOMOVILISTICO"
319,SOLDADO,EJERCITO,TRANSMISIONES,VILLAGRAN,TAMAULIPAS,23/05/2012,"BATALLONDEINFANTERIA","AGRESIONCONARMADEFUEGO."
320,CABO,EJERCITO,CABALLERIA,NUEVO LAREDO.,TAMAULIPAS,29/05/2012,"REGIMIENTODECABALLERIAMOTORIZADO","ACCIDENTEAUTOMOVILISTICO"
321,SOLDADO,EJERCITO,CABALLERIA,NUEVO LAREDO.,TAMAULIPAS,29/05/2012,"REGIMIENTODECABALLERIAMOTORIZADO","ACCIDENTEAUTOMOVILISTICO"
322,SOLDADO,EJERCITO,CABALLERIA,NUEVO LAREDO.,TAMAULIPAS,29/05/2012,"REGIMIENTODECABALLERIAMOTORIZADO","ACCIDENTEAUTOMOVILISTICO"
"",GRADO,FUERZA ARMADA,ARMA/SERVICIO,LUGAR Y/O MPIO.,ESTADO,FECHA,UNIDAD,TIPO DE EVENTO
323,CABO,EJERCITO,CABALLERIA,REYNOSA,TAMAULIPAS,29/05/2012,"REGIMIENTODECABALLERIAMOTORIZADO","AGRESIONCONARMADEFUEGO."
324,SOLDADO,EJERCITO,CABALLERIA,REYNOSA,TAMAULIPAS,29/05/2012,"REGIMIENTODECABALLERIAMOTORIZADO","AGRESIONCONARMADEFUEGO."
325,CAPITAN 2/o.,EJERCITO,INFANTERIA,LA PAZ,"BAJACALIFORNIASUR",05/06/2012,"BATALLONDEINFANTERIA","ACCIDENTEAUTOMOVILISTICO"
326,CABO,EJERCITO,TRANSMISIONES,LA PAZ,"BAJACALIFORNIASUR",05/06/2012,"BATALLONDEINFANTERIA","ACCIDENTEAUTOMOVILISTICO"
327,CABO,EJERCITO,CABALLERIA,NUEVO LAREDO.,TAMAULIPAS,15/06/2012,"REGIMIENTODECABALLERIAMOTORIZADO","AGRESIONCONARMADEFUEGO."
328,SOLDADO,EJERCITO,TRANSMISIONES,ALAMO,VERACRUZ,18/06/2012,"BATALLONDEINFANTERIA","AGRESIONCONARMADEFUEGO."
329,CABO,EJERCITO,CABALLERIA,NUEVO LAREDO.,TAMAULIPAS,22/06/2012,"REGIMIENTODECABALLERIAMOTORIZADO","ACCIDENTEAUTOMOVILISTICO"
330,CABO,EJERCITO,INFANTERIA,GRAN MORELOS,CHIHUAHUA,22/06/2012,"BATALLONDEINFANTERIA","AGRESIONCONARMADEFUEGO."
331,SOLDADO,EJERCITO,CABALLERIA,SARIC,SONORA,23/06/2012,"REGIMIENTODECABALLERIAMOTORIZADO","AGRESIONCONARMADEFUEGO."
332,CABO,EJERCITO,CONDUCTOR,SONOYTA,SONORA,07/07/2012,"COMPAÑIADEINFANTERIANOENCUADRADA","AGRESIONCONARMADEFUEGO."
333,SOLDADO,EJERCITO,TRANSMISIONES,SONOYTA,SONORA,07/07/2012,GUARNICION MILITAR,"AGRESIONCONARMADEFUEGO."
334,SOLDADO,EJERCITO,INFANTERIA,VILLA DE COSS,ZACATECAS,09/07/2012,"BATALLONDEINFANTERIA","AGRESIONCONARMADEFUEGO."
335,SOLDADO,EJERCITO,INFANTERIA,CIUDAD OBREGON,SONORA,10/07/2012,"BATALLONDEINFANTERIA","AGRESIONCONARMADEFUEGO."
336,CABO,EJERCITO,INFANTERIA,FRESNILLO,ZACATECAS,20/07/2012,"BATALLONDEINFANTERIA","ACCIDENTEAUTOMOVILISTICO"
337,CABO,EJERCITO,INFANTERIA,FRESNILLO,ZACATECAS,20/07/2012,"BATALLONDEINFANTERIA","ACCIDENTEAUTOMOVILISTICO"
338,SOLDADO,EJERCITO,INFANTERIA,FRESNILLO,ZACATECAS,20/07/2012,"BATALLONDEINFANTERIA","ACCIDENTEAUTOMOVILISTICO"
339,SOLDADO,EJERCITO,INFANTERIA,MPIO. DE SANTANDER JIMEMEZ,TAMAULIPAS,20/07/2012,"BATALLONDEINFANTERIA","AGRESIONCONARMADEFUEGO."
340,SOLDADO,EJERCITO,INFANTERIA,SAN DIMAS,DURANGO,30/07/2012,"BATALLONDEINFANTERIA","ACCIDENTECONARMADEFUEGO"
341,SOLDADO,EJERCITO,INFANTERIA,CHILPANCINGO,GUERRERO,06/08/2012,"BATALLONDEINFANTERIA",DESCARGA ELECTRICA
"",GRADO,FUERZA ARMADA,ARMA/SERVICIO,LUGAR Y/O MPIO.,ESTADO,FECHA,UNIDAD,TIPO DE EVENTO
342,CABO,EJERCITO,SANIDAD,MATAMOROS,TAMAULIPAS,08/08/2012,"BATALLONDEINFANTERIA","AGRESIONCONARMADEFUEGO."
343,SOLDADO,EJERCITO,INFANTERIA,CIUDAD CARDEL,VERACRUZ,11/08/2012,"BATALLONDEINFANTERIA","AGRESIONCONARMADEFUEGO."
344,SOLDADO,EJERCITO,POLICIA MILITAR,CIUDAD VICTORIA,TAMAULIPAS,02/09/2012,"BATALLONDEPOLICIAMILITAR","AGRESIONCONARMADEFUEGO."
345,SOLDADO,EJERCITO,INFANTERIA,"UNIONDEISIDOROMONTESDEOCA",GUERRERO,04/09/2012,"BATALLONDEINFANTERIA","AGRESIONCONARMADEFUEGO."
346,SOLDADO,EJERCITO,INFANTERIA,TEPECOACUILCO DE TRUJANO,GUERRERO,26/09/2012,"BATALLONDEINFANTERIA","AGRESIONCONARMADEFUEGO."
347,CABO,EJERCITO,INFANTERIA,ZAMORA,MICHOACAN,29/09/2012,"BATALLONDEINFANTERIA","AGRESIONCONARMADEFUEGO."
348,SOLDADO,EJERCITO,INFANTERIA,SAHUARIPA,SONORA,10/10/2012,"BATALLONDEINFANTERIA",AHOGADO
349,SARGENTO 2/o.,EJERCITO,POLICIA MILITAR,RIO BRAVO,TAMAULIPAS,12/10/2012,"BATALLONDEPOLICIAMILITAR","AGRESIONCONARMADEFUEGO."
350,CABO,EJERCITO,CABALLERIA,REYNOSA,TAMAULIPAS,14/10/2012,"REGIMIENTODECABALLERIAMOTORIZADO","AGRESIONCONARMADEFUEGO."
351,SOLDADO,EJERCITO,POLICIA MILITAR,SAN FERNANDO,TAMAULIPAS,14/10/2012,"BATALLONDEPOLICIAMILITAR","AGRESIONCONARMADEFUEGO."
352,SOLDADO,EJERCITO,ARMA BLINDADA,CIUDAD AYALA,MORELOS,27/10/2012,"REGIMIENTOMECANIZADO","ACCIDENTEAUTOMOVILISTICO"
353,SARGENTO 2/o.,EJERCITO,POLICIA MILITAR,NUEVO LAREDO.,TAMAULIPAS,17/11/2012,"BATALLONDEOPERACIONESESPECIALES","AGRESIONCONARMADEFUEGO."
354,CABO,EJERCITO,CABALLERIA,OCAMPO,MICHOACAN,18/11/2012,"REGIMIENTODECABALLERIAMOTORIZADO","AGRESIONCONARMADEFUEGO."
355,SARGENTO 2/o.,EJERCITO,POLICIA MILITAR,HIDALGO,TAMAULIPAS,20/11/2012,"BATALLONDEPOLICIAMILITAR","AGRESIONCONARMADEFUEGO."
356,SARGENTO 2/o.,EJERCITO,INFANTERIA,BADIRAGUATO,SINALOA,24/11/2012,FUERZAS ESPECIALES,"AGRESIONCONARMADEFUEGO."
357,SOLDADO,EJERCITO,INFANTERIA,TEPALCATEPEC,MICHOACAN,30/11/2012,"BATALLONDEINFANTERIA","AGRESIONCONARMADEFUEGO."
358,SARGENTO 2/o.,EJERCITO,INFANTERIA,MOCORITO,SINALOA,04/12/2012,FUERZAS ESPECIALES,"AGRESIONCONARMADEFUEGO."
359,SOLDADO,EJERCITO,INFANTERIA,TEJOLOCACHIC MPIO. MATACHI,CHIHUAHUA,04/12/2012,"BATALLONDEINFANTERIA","AGRESIONCONARMADEFUEGO."
360,SOLDADO,EJERCITO,INFANTERIA,ENSENADA,BAJA CALIFORNIA,06/12/2012,"BATALLONDEINFANTERIA","ACCIDENTEAUTOMOVILISTICO"
"",GRADO,FUERZA ARMADA,ARMA/SERVICIO,LUGAR Y/O MPIO.,ESTADO,FECHA,UNIDAD,TIPO DE EVENTO
361,CABO,EJERCITO,POLICIA MILITAR,VALLE HERMOSO,TAMAULIPAS,14/12/2012,"BATALLONDEPOLICIAMILITAR","AGRESIONCONARMADEFUEGO."
362,SOLDADO,EJERCITO,POLICIA MILITAR,HIDALGO,TAMAULIPAS,02/01/2013,"BATALLONDEPOLICIAMILITAR","AGRESIONCONARMADEFUEGO."
363,SOLDADO,EJERCITO,INFANTERIA,CHOIX.,SINALOA,08/01/2013,"BATALLONDEINFANTERIA",AHOGADO
364,CABO,EJERCITO,INFANTERIA,SANTA MARIA RAYON,SAN LUIS POTOSÍ,09/01/2013,"BATALLONDEINFANTERIA","ACCIDENTEAUTOMOVILISTICO"
365,SOLDADO,EJERCITO,INFANTERIA,ZIRANDARO,GUERRERO,09/01/2013,"BATALLONDEINFANTERIA","AGRESIONCONARMADEFUEGO."
366,SOLDADO,EJERCITO,INFANTERIA,LUVIANOS,ESTADO DE MEXICO,10/01/2013,"BATALLONDEINFANTERIA","AGRESIONCONARMADEFUEGO."
367,SOLDADO,EJERCITO,INFANTERIA,SAN BLAS,NAYARIT,12/01/2013,"BATALLONDEINFANTERIA",ATROPELLADO
368,SOLDADO,EJERCITO,INFANTERIA,VILLANUEVA,ZACATECAS,11/02/2013,"BATALLONDEINFANTERIA","AGRESIONCONARMADEFUEGO."
369,CABO,EJERCITO,INFANTERIA,TEPALCATEPEC,MICHOACAN,25/02/2013,"BATALLONDEINFANTERIA","AGRESIONCONARMADEFUEGO."
370,CABO,EJERCITO,CONDUCTOR,TAMAZULA,DURANGO,05/03/2013,GRUPO DE MORTEROS,"ACCIDENTEAUTOMOVILISTICO"
371,SARGENTO 2/o.,EJERCITO,CONDUCTOR,EL ZORRILLO,CHIHUAHUA,31/03/2013,"BATALLONDEINFANTERIA",CAIDA
372,SUBTENIENTE,EJERCITO,INFANTERIA,TECALITLAN,JALISCO,06/04/2013,"BATALLONDEINFANTERIA","AGRESIONCONARMADEFUEGO."
373,SARGENTO 1/o.,EJERCITO,POLICIA MILITAR,GUEMEZ,TAMAULIPAS,03/05/2013,"BATALLONDEPOLICIAMILITAR","AGRESIONCONARMADEFUEGO."
374,SOLDADO,EJERCITO,TRANSMISIONES,SAN FERNANDO,TAMAULIPAS,08/05/2013,"BATALLONDEINFANTERIA","ACCIDENTEAUTOMOVILISTICO"
375,CABO,EJERCITO,CABALLERIA,ENSENADA,BAJA CALIFORNIA,13/05/2013,"REGIMIENTODECABALLERIAMOTORIZADO","AGRESIONCONARMADEFUEGO."
376,CABO,EJERCITO,CABALLERIA,ENSENADA,BAJA CALIFORNIA,17/05/2013,"REGIMIENTODECABALLERIAMOTORIZADO","ACCIDENTEAUTOMOVILISTICO"
377,SOLDADO,EJERCITO,INFANTERIA,EL SALTO PUEBLO NUEVO,DURANGO,20/05/2013,"COMPAÑIADEINFANTERIANOENCUADRADA","ACCIDENTEAUTOMOVILISTICO"
378,SOLDADO,EJERCITO,INFANTERIA,EL SALTO PUEBLO NUEVO,DURANGO,20/05/2013,"COMPAÑIADEINFANTERIANOENCUADRADA","ACCIDENTEAUTOMOVILISTICO"
379,CAPITAN 2/o.,EJERCITO,INFANTERIA,MOCORITO,SINALOA,20/05/2013,FUERZAS ESPECIALES,"AGRESIONCONARMADEFUEGO."
"",GRADO,FUERZA ARMADA,ARMA/SERVICIO,LUGAR Y/O MPIO.,ESTADO,FECHA,UNIDAD,TIPO DE EVENTO
380,CABO,EJERCITO,POLICIA MILITAR,ABASOLO,TAMAULIPAS,01/06/2013,"BATALLONDEPOLICIAMILITAR","ACCIDENTEAUTOMOVILISTICO"
381,CABO,EJERCITO,POLICIA MILITAR,ABASOLO,TAMAULIPAS,01/06/2013,"BATALLONDEPOLICIAMILITAR","ACCIDENTEAUTOMOVILISTICO"
382,SOLDADO,EJERCITO,POLICIA MILITAR,ABASOLO,TAMAULIPAS,01/06/2013,"BATALLONDEPOLICIAMILITAR","ACCIDENTEAUTOMOVILISTICO"
383,SOLDADO,EJERCITO,POLICIA MILITAR,ABASOLO,TAMAULIPAS,01/06/2013,"BATALLONDEPOLICIAMILITAR","ACCIDENTEAUTOMOVILISTICO"
384,SOLDADO,EJERCITO,CABALLERIA,REYNOSA,TAMAULIPAS,26/06/2013,"REGIMIENTODECABALLERIAMOTORIZADO","AGRESIONCONARMADEFUEGO."
385,CABO,EJERCITO,CABALLERIA,REYNOSA,TAMAULIPAS,04/07/2013,"REGIMIENTODECABALLERIAMOTORIZADO","ACCIDENTEAUTOMOVILISTICO"
386,CABO,EJERCITO,CABALLERIA,REYNOSA,TAMAULIPAS,04/07/2013,"REGIMIENTODECABALLERIAMOTORIZADO","ACCIDENTEAUTOMOVILISTICO"
387,SOLDADO,EJERCITO,CABALLERIA,REYNOSA,TAMAULIPAS,04/07/2013,"REGIMIENTODECABALLERIAMOTORIZADO","ACCIDENTEAUTOMOVILISTICO"
388,SOLDADO,EJERCITO,CABALLERIA,REYNOSA,TAMAULIPAS,09/07/2013,"REGIMIENTODECABALLERIAMOTORIZADO","ACCIDENTEAUTOMOVILISTICO"
389,CABO,EJERCITO,CONDUCTOR,CIHUATLAN,JALISCO,28/07/2013,"COMPAÑIADEINFANTERIANOENCUADRADA","AGRESIONCONARMADEFUEGO."
390,CABO,EJERCITO,INFANTERIA,OTAEZ,DURANGO,31/07/2013,"BATALLONDEINFANTERIA","AGRESIONCONARMADEFUEGO."
391,CAPITAN 2/o.,EJERCITO,INFANTERIA,REYNOSA,TAMAULIPAS,03/08/2013,"BATALLONDEPOLICIAMILITAR","AGRESIONCONARMADEFUEGO."
392,SARGENTO 2/o.,EJERCITO,POLICIA MILITAR,REYNOSA,TAMAULIPAS,03/08/2013,"BATALLONDEPOLICIAMILITAR","AGRESIONCONARMADEFUEGO."
393,SOLDADO,EJERCITO,POLICIA MILITAR,REYNOSA,TAMAULIPAS,03/08/2013,"BATALLONDEPOLICIAMILITAR","AGRESIONCONARMADEFUEGO."
394,SOLDADO,EJERCITO,POLICIA MILITAR,REYNOSA,TAMAULIPAS,03/08/2013,"BATALLONDEPOLICIAMILITAR","AGRESIONCONARMADEFUEGO."
395,SOLDADO,EJERCITO,POLICIA MILITAR,REYNOSA,TAMAULIPAS,03/08/2013,"BATALLONDEPOLICIAMILITAR","AGRESIONCONARMADEFUEGO."
396,TENIENTE,EJERCITO,INFANTERIA,GUADALUPE Y CALVO,CHIHUAHUA,10/08/2013,"BATALLONDEINFANTERIA","AGRESIONCONARMADEFUEGO."
397,SARGENTO 2/o.,EJERCITO,ARMA BLINDADA,CD. CUAUHTEMOC,CHIHUAHUA,23/08/2013,"REGIMIENTOMECANIZADO","ACCIDENTEAUTOMOVILISTICO"
398,CABO,EJERCITO,CONDUCTOR,LEONARDO BRAVO,GUERRERO,06/09/2013,"BATALLONDEINFANTERIA","AGRESIONCONARMADEFUEGO."
"",GRADO,FUERZA ARMADA,ARMA/SERVICIO,LUGAR Y/O MPIO.,ESTADO,FECHA,UNIDAD,TIPO DE EVENTO
399,SOLDADO,EJERCITO,INFANTERIA,ZAMORA,MICHOACAN,18/09/2013,"BATALLONDEINFANTERIA","AGRESIONCONARMADEFUEGO."
400,SOLDADO,EJERCITO,CABALLERIA,NUEVA CD. GUERRERO,TAMAULIPAS,24/11/2013,"REGIMIENTODECABALLERIAMOTORIZADO","AGRESIONCONARMADEFUEGO."
401,SOLDADO,EJERCITO,SANIDAD,SAN DIMAS,DURANGO,25/11/2013,"BATALLONDEINFANTERIA","AGRESIONCONARMADEFUEGO."
402,SOLDADO,EJERCITO,INFANTERIA,SAN MIGUEL TOTOLOAPAN,GUERRERO,28/11/2013,"BATALLONDEINFANTERIA","AGRESIONCONARMADEFUEGO."
403,SOLDADO,EJERCITO,INFANTERIA,APATZINGAN,MICHOACAN,11/12/2013,"BATALLONDEINFANTERIA","AGRESIONCONARMADEFUEGO."
404,CABO,EJERCITO,SANIDAD,GUADALUPE NUNDACA,OAXACA,24/12/2013,"BATALLONDEINFANTERIA","ACCIDENTEAUTOMOVILISTICO"
405,CABO,EJERCITO,SANIDAD,PANUCO,VERACRUZ,27/12/2013,"BATALLONDEINFANTERIA","ACCIDENTEAUTOMOVILISTICO"
406,SOLDADO,EJERCITO,INFANTERIA,APATZINGAN,MICHOACAN,05/01/2014,"BATALLONDEINFANTERIA","AGRESIONCONARMADEFUEGO."
407,SOLDADO,EJERCITO,INFANTERIA,APATZINGAN,MICHOACAN,05/01/2014,"BATALLONDEINFANTERIA","AGRESIONCONARMADEFUEGO."
408,MAYOR,EJERCITO,CABALLERIA,ATLIXCO,PUEBLA,14/01/2014,"REGIMIENTODECABALLERIAMOTORIZADO",ACCIDENTE AEREO
409,SARGENTO 1/o.,EJERCITO,MEC. AUTOMOTRIZ,VALLE HERMOSO,TAMAULIPAS,28/01/2014,"REGIMIENTOMECANIZADO","ACCIDENTEAUTOMOVILISTICO"
410,SOLDADO,EJERCITO,INFANTERIA,ENSENADA,BAJA CALIFORNIA,30/01/2014,"BATALLONDEINFANTERIA","ACCIDENTEAUTOMOVILISTICO"
411,TENIENTE,FUERZA AEREA,PILOTO AVIADOR,REYNOSA,TAMAULIPAS,31/01/2014,ESCUADRON AEREO,ACCIDENTE AEREO
412,TENIENTE,EJERCITO,CABALLERIA,HUETAMO,MICHOACAN,02/03/2014,"REGIMIENTODECABALLERIAMOTORIZADO",CAIDA
413,SOLDADO,EJERCITO,TRANSMISIONES,MATAMOROS,TAMAULIPAS,31/03/2014,"REGIMIENTODECABALLERIAMOTORIZADO","AGRESIONCONARMADEFUEGO."
414,CABO,EJERCITO,INFANTERIA,LOS MOCHIS,SINALOA,02/04/2014,"BATALLONDEINFANTERIA","ACCIDENTEAUTOMOVILISTICO"
415,SOLDADO,EJERCITO,POLICIA MILITAR,TAMPICO,TAMAULIPAS,06/04/2014,"BATALLONDEPOLICIAMILITAR","ACCIDENTEAUTOMOVILISTICO"
416,SARGENTO 2/o.,FUERZA AEREA,FUSILERO PARACAIDISTA,REYNOSA,TAMAULIPAS,09/05/2014,"BATALLONDEINFANTERIA","AGRESIONCONARMADEFUEGO."
417,SARGENTO 2/o.,EJERCITO,CONDUCTOR,GUACHINANGO,JALISCO,12/05/2014,"BATALLONDEINFANTERIA","AGRESIONCONARMADEFUEGO."
"",GRADO,FUERZA ARMADA,ARMA/SERVICIO,LUGAR Y/O MPIO.,ESTADO,FECHA,UNIDAD,TIPO DE EVENTO
418,SOLDADO,EJERCITO,INFANTERIA,GUACHINANGO,JALISCO,12/05/2014,"BATALLONDEINFANTERIA","AGRESIONCONARMADEFUEGO."
419,SOLDADO,EJERCITO,INFANTERIA,GUACHINANGO,JALISCO,12/05/2014,"BATALLONDEINFANTERIA","AGRESIONCONARMADEFUEGO."
420,SOLDADO,EJERCITO,TRANSMISIONES,GUACHINANGO,JALISCO,12/05/2014,"BATALLONDEINFANTERIA","AGRESIONCONARMADEFUEGO."
421,SARGENTO 2/o.,EJERCITO,INFANTERIA,LA UNION,GUERRERO,14/05/2014,"BATALLONDEINFANTERIA","AGRESIONCONARMADEFUEGO."
422,CABO,EJERCITO,CABALLERIA,GUAMUCHIL,SINALOA,28/05/2014,FUERZAS ESPECIALES,"AGRESIONCONARMADEFUEGO."
423,SOLDADO,EJERCITO,POLICIA MILITAR,ABASOLO,TAMAULIPAS,21/07/2014,"BATALLONDEPOLICIAMILITAR","AGRESIONCONARMADEFUEGO."
424,SOLDADO,EJERCITO,INFANTERIA,MONCLOVA,COAHUILA,07/08/2014,"BATALLONDEINFANTERIA","ACCIDENTEAUTOMOVILISTICO"
425,SOLDADO,EJERCITO,CABALLERIA,REYNOSA,TAMAULIPAS,20/08/2014,"REGIMIENTODECABALLERIAMOTORIZADO","AGRESIONCONARMADEFUEGO."
426,SOLDADO,EJERCITO,INFANTERIA,"KM.7+500DELACARRETERACADEREYTA - ALLENDE",NUEVO LEON,22/08/2014,"BATALLONDEINFANTERIA","ACCIDENTEAUTOMOVILISTICO"
427,SOLDADO,EJERCITO,INFANTERIA,TEPEHUANES,DURANGO,01/09/2014,"BATALLONDEINFANTERIA","AGRESIONCONARMADEFUEGO."
428,SOLDADO,EJERCITO,INFANTERIA,TEPEHUANES,DURANGO,01/09/2014,"BATALLONDEINFANTERIA","AGRESIONCONARMADEFUEGO."
429,SOLDADO,EJERCITO,INFANTERIA,CD. MIER,TAMAULIPAS,17/09/2014,"BATALLONDEINFANTERIA","AGRESIONCONARMADEFUEGO."
430,TENIENTE,EJERCITO,INFANTERIA,SAN MARTIN DE HIDALGO,JALISCO,24/09/2014,"BATALLONDEINFANTERIA","AGRESIONCONARMADEFUEGO."
431,SOLDADO,EJERCITO,INFANTERIA,VALLE HERMOSO,TAMAULIPAS,27/09/2014,"BATALLONDEPOLICIAMILITAR","AGRESIONCONARMADEFUEGO."
432,CABO,EJERCITO,INFANTERIA,NACO,SONORA,17/11/2014,"COMPAÑIADEINFANTERIANOENCUADRADA",CAIDA
433,SARGENTO 2/o.,EJERCITO,CABALLERIA,OCAMPO,COAHUILA,27/11/2014,"REGIMIENTODECABALLERIAMOTORIZADO","ACCIDENTEAUTOMOVILISTICO"
434,CABO,EJERCITO,PELUQUERO,PERIBAN,MICHOACAN,28/11/2014,"BATALLONDEINFANTERIA","ACCIDENTEAUTOMOVILISTICO"
435,SOLDADO,EJERCITO,INFANTERIA,RIO BRAVO,TAMAULIPAS,22/12/2014,"BATALLONDEINFANTERIA","AGRESIONCONARMADEFUEGO."
436,CABO,EJERCITO,TRANSMISIONES,VALLE HERMOSO,TAMAULIPAS,25/12/2014,"BATALLONDEPOLICIAMILITAR","ACCIDENTECONARMADEFUEGO"
"",GRADO,FUERZA ARMADA,ARMA/SERVICIO,LUGAR Y/O MPIO.,ESTADO,FECHA,UNIDAD,TIPO DE EVENTO
437,SOLDADO,EJERCITO,POLICIA MILITAR,VALLE HERMOSO,TAMAULIPAS,25/12/2014,"BATALLONDEPOLICIAMILITAR","ACCIDENTECONARMADEFUEGO"
438,SOLDADO,EJERCITO,INFANTERIA,YURECUARO,MICHOACAN,22/01/2015,"BATALLONDEINFANTERIA","AGRESIONCONARMADEFUEGO."
439,SOLDADO,EJERCITO,SANIDAD,YURECUARO,MICHOACAN,22/01/2015,"BATALLONDEINFANTERIA","AGRESIONCONARMADEFUEGO."
440,SOLDADO,EJERCITO,INFANTERIA,MIER,TAMAULIPAS,05/02/2015,"BATALLONDEINFANTERIA",CAIDA
441,SOLDADO,EJERCITO,POLICIA MILITAR,MIGUEL ALEMAN,TAMAULIPAS,13/02/2015,"BATALLONDEPOLICIAMILITAR","AGRESIONCONARMADEFUEGO."
442,CABO,EJERCITO,INFANTERIA,PUERTO VALLARTA,JALISCO,18/02/2015,"COMPAÑIADEINFANTERIANOENCUADRADA","AGRESIONCONARMADEFUEGO."
443,TENIENTE,EJERCITO,INFANTERIA,ARCELIA,GUERRERO,27/02/2015,"BATALLONDEINFANTERIA",CAIDA
444,SOLDADO,EJERCITO,INFANTERIA,CABORCA,SONORA,24/03/2015,"COMPAÑIADEINFANTERIANOENCUADRADA","AGRESIONCONARMADEFUEGO."
445,CABO,EJERCITO,ARMA BLINDADA,JUNGAPEO,MICHOACAN,01/04/2015,"REGIMIENTOMECANIZADO","ACCIDENTEAUTOMOVILISTICO"
446,SARGENTO 2/o.,EJERCITO,INFANTERIA,MOCORITO,SINALOA,05/04/2015,"BATALLONDEINFANTERIA","AGRESIONCONARMADEFUEGO."
447,CAPITAN 2/o.,FUERZA AEREA,PILOTO AVIADOR,CASIMIRO CASTILLO,JALISCO,01/05/2015,ESCUADRON AEREO,"AGRESIONCONARMADEFUEGO."
448,CAPITAN 2/o.,EJERCITO,INFANTERIA,CASIMIRO CASTILLO,JALISCO,01/05/2015,FUERZAS ESPECIALES,"AGRESIONCONARMADEFUEGO."
449,CAPITAN 2/o.,EJERCITO,INFANTERIA,CASIMIRO CASTILLO,JALISCO,01/05/2015,FUERZAS ESPECIALES,"AGRESIONCONARMADEFUEGO."
450,SARGENTO 2/o.,EJERCITO,INFANTERIA,CASIMIRO CASTILLO,JALISCO,01/05/2015,FUERZAS ESPECIALES,"AGRESIONCONARMADEFUEGO."
451,SARGENTO 2/o.,EJERCITO,INFANTERIA,CASIMIRO CASTILLO,JALISCO,01/05/2015,FUERZAS ESPECIALES,"AGRESIONCONARMADEFUEGO."
452,SARGENTO 2/o.,FUERZA AEREA,ARMAMENTO AEREO,CASIMIRO CASTILLO,JALISCO,01/05/2015,ESCUADRON AEREO,"AGRESIONCONARMADEFUEGO."
453,SUBTENIENTE,FUERZA AEREA,"ESPECIALISTAENELECTRONICADEAVIACION",CASIMIRO CASTILLO,JALISCO,05/05/2015,ESCUADRON AEREO,"AGRESIONCONARMADEFUEGO."
454,TENIENTE,EJERCITO,INFANTERIA,CASIMIRO CASTILLO,JALISCO,10/05/2015,FUERZAS ESPECIALES,"AGRESIONCONARMADEFUEGO."
455,CABO,EJERCITO,ARMA BLINDADA,VILLA PURIFICACION,JALISCO,19/05/2015,"REGIMIENTOBLINDADODE RECONOCIMIENTO","ACCIDENTECONARMADEFUEGO"
"",GRADO,FUERZA ARMADA,ARMA/SERVICIO,LUGAR Y/O MPIO.,ESTADO,FECHA,UNIDAD,TIPO DE EVENTO
456,SOLDADO,EJERCITO,ARMA BLINDADA,VILLA PURIFICACION,JALISCO,19/05/2015,"REGIMIENTOBLINDADODE RECONOCIMIENTO","ACCIDENTECONARMADEFUEGO"
457,SOLDADO,EJERCITO,ARMA BLINDADA,VILLA PURIFICACION,JALISCO,19/05/2015,"REGIMIENTOBLINDADODE RECONOCIMIENTO","ACCIDENTECONARMADEFUEGO"
458,TENIENTE,EJERCITO,INFANTERIA,CD. MIER,TAMAULIPAS,10/06/2015,"BATALLONDEINFANTERIA","ACCIDENTECONARMADEFUEGO"
459,SOLDADO,EJERCITO,INFANTERIA,COLIMA,COLIMA,26/07/2015,"BATALLONDEINFANTERIA",ATROPELLADO
460,SARGENTO 2/o.,EJERCITO,HERRERO,HUETAMO,MICHOACAN,27/07/2015,"REGIMIENTODECABALLERIAMOTORIZADO","ACCIDENTEAUTOMOVILISTICO"
461,SOLDADO,EJERCITO,INFANTERIA,APOZOL,ZACATECAS,27/08/2015,"BATALLONDEINFANTERIA","ACCIDENTEAUTOMOVILISTICO"
462,SOLDADO,EJERCITO,INFANTERIA,APOZOL,ZACATECAS,27/08/2015,"BATALLONDEINFANTERIA","ACCIDENTEAUTOMOVILISTICO"
463,CABO,EJERCITO,POLICIA MILITAR,HUITZUCO DE LOS FIGUEROA,GUERRERO,01/09/2015,"BATALLONDEOPERACIONESESPECIALES",AHOGADO
464,SOLDADO,EJERCITO,SANIDAD,NUEVO LAREDO.,TAMAULIPAS,10/10/2015,"REGIMIENTODECABALLERIAMOTORIZADO","AGRESIONCONARMADEFUEGO."
465,CABO,EJERCITO,INFANTERIA,CAMARGO,TAMAULIPAS,25/10/2015,FUERZAS ESPECIALES,"AGRESIONCONARMADEFUEGO."
466,SOLDADO,EJERCITO,INFANTERIA,IXTACZOQUITLAN,VERACRUZ,26/10/2015,"BATALLONDEINFANTERIA","AGRESIONCONARMADEFUEGO."
467,TENIENTE,EJERCITO,INFANTERIA,ATLIXTAC,GUERRERO,13/11/2015,"BATALLONDEINFANTERIA",INTOXICACION.
468,SOLDADO,EJERCITO,INFANTERIA,PUEBLO NUEVO,DURANGO,12/12/2015,"COMPAÑIADEINFANTERIANOENCUADRADA","AGRESIONCONARMADEFUEGO."
469,SARGENTO 2/o.,EJERCITO,MATERIALES DE GUERRA,TIERRA BLANCA,VERACRUZ,15/01/2016,"BATALLONDEINFANTERIA","ACCIDENTEAUTOMOVILISTICO"
470,SUBTENIENTE,EJERCITO,TRANSMISIONES,MOCORITO,SINALOA,30/01/2016,"BATALLONDEINFANTERIA","AGRESIONCONARMADEFUEGO."
471,SARGENTO 2/o.,EJERCITO,INFANTERIA,MOCORITO,SINALOA,30/01/2016,"BATALLONDEINFANTERIA","AGRESIONCONARMADEFUEGO."
472,CABO,EJERCITO,INFANTERIA,MOCORITO,SINALOA,30/01/2016,"BATALLONDEINFANTERIA","AGRESIONCONARMADEFUEGO."
473,SOLDADO,EJERCITO,INFANTERIA,MOCORITO,SINALOA,30/01/2016,"BATALLONDEINFANTERIA","AGRESIONCONARMADEFUEGO."
474,SARGENTO 2/o.,EJERCITO,ARMA BLINDADA,TEQUILA,JALISCO,10/02/2016,"REGIMIENTOBLINDADODE RECONOCIMIENTO","ACCIDENTEAUTOMOVILISTICO"
"",GRADO,FUERZA ARMADA,ARMA/SERVICIO,LUGAR Y/O MPIO.,ESTADO,FECHA,UNIDAD,TIPO DE EVENTO
475,SOLDADO,EJERCITO,POLICIA MILITAR,TELOLOAPAN,GUERRERO,08/03/2016,"BATALLONDEOPERACIONESESPECIALES","ACCIDENTEAUTOMOVILISTICO"
476,CABO,EJERCITO,CABALLERIA,GUAMUCHIL,SINALOA,04/04/2016,"REGIMIENTODECABALLERIAMOTORIZADO","ACCIDENTEAUTOMOVILISTICO"
477,SOLDADO,EJERCITO,INFANTERIA,COALCOMAN,MICHOACAN,23/04/2016,"BATALLONDEINFANTERIA","ACCIDENTEAUTOMOVILISTICO"
478,CABO,EJERCITO,CABALLERIA,NUEVO LAREDO.,TAMAULIPAS,31/07/2016,"REGIMIENTODECABALLERIAMOTORIZADO","AGRESIONCONARMADEFUEGO."
479,SOLDADO,EJERCITO,INFANTERIA,APATZINGAN,MICHOACAN,30/08/2016,"BATALLONDEINFANTERIA","AGRESIONCONARMADEFUEGO."
480,CABO,EJERCITO,CABALLERIA,REYNOSA,TAMAULIPAS,08/09/2016,"REGIMIENTODECABALLERIAMOTORIZADO","AGRESIONCONARMADEFUEGO."
481,SARGENTO 2/o.,EJERCITO,INFANTERIA,CULIACAN,SINALOA,30/09/2016,"COMPAÑIADEINFANTERIANOENCUADRADA","AGRESIONCONARMADEFUEGO."
482,CABO,EJERCITO,CONDUCTOR,CULIACAN,SINALOA,30/09/2016,"COMPAÑIADEINFANTERIANOENCUADRADA","AGRESIONCONARMADEFUEGO."
483,CABO,EJERCITO,CONDUCTOR,CULIACAN,SINALOA,30/09/2016,"COMPAÑIADEINFANTERIANOENCUADRADA","AGRESIONCONARMADEFUEGO."
484,CABO,EJERCITO,SANIDAD,CULIACAN,SINALOA,30/09/2016,"COMPAÑIADEINFANTERIANOENCUADRADA","AGRESIONCONARMADEFUEGO."
485,SOLDADO,EJERCITO,INFANTERIA,CULIACAN,SINALOA,30/09/2016,"COMPAÑIADEINFANTERIANOENCUADRADA","AGRESIONCONARMADEFUEGO."
486,CABO,EJERCITO,CONDUCTOR,COMONFORT,GUANAJUATO,01/10/2016,"REGIMIENTOMECANIZADO","AGRESIONCONARMADEFUEGO."
487,SOLDADO,EJERCITO,TRANSMISIONES,NUEVO LAREDO.,TAMAULIPAS,06/10/2016,"REGIMIENTODECABALLERIAMOTORIZADO","AGRESIONCONARMADEFUEGO."
488,"TENIENTECORONEL",EJERCITO,CABALLERIA,CD. REYNOSA,TAMAULIPAS,10/10/2016,"REGIMIENTODECABALLERIAMOTORIZADO",ACCIDENTE AEREO
489,TENIENTE,FUERZA AEREA,PILOTO AVIADOR,CD. REYNOSA,TAMAULIPAS,10/10/2016,ESCUADRON AEREO,ACCIDENTE AEREO
490,CABO,EJERCITO,POLICIA MILITAR,APAXTLA,GUERRERO,02/11/2016,"BATALLONDEPOLICIAMILITAR","ACCIDENTEAUTOMOVILISTICO"
491,CAPITAN 2/o.,FUERZA AEREA,PILOTO AVIADOR,URES,SONORA,09/12/2016,ESCUADRON AEREO,ACCIDENTE AEREO
492,TENIENTE,FUERZA AEREA,PILOTO AVIADOR,URES,SONORA,09/12/2016,ESCUADRON AEREO,ACCIDENTE AEREO
493,SOLDADO,EJERCITO,INFANTERIA,CONCORDIA,SINALOA,07/01/2017,"BATALLONDEINFANTERIA","ACCIDENTEAUTOMOVILISTICO"
"",GRADO,FUERZA ARMADA,ARMA/SERVICIO,LUGAR Y/O MPIO.,ESTADO,FECHA,UNIDAD,TIPO DE EVENTO
494,SARGENTO 2/o.,EJERCITO,INFANTERIA,NUEVO LAREDO.,TAMAULIPAS,11/01/2017,"BATALLONDEFUERZASESPECIALES","AGRESIONCONARMADEFUEGO."
495,CABO,EJERCITO,CABALLERIA,NUEVO LAREDO.,TAMAULIPAS,11/01/2017,"BATALLONDEFUERZASESPECIALES","AGRESIONCONARMADEFUEGO."
496,CABO,EJERCITO,ZAPADORES,NUEVO LAREDO.,TAMAULIPAS,11/01/2017,"BATALLONDEFUERZASESPECIALES","AGRESIONCONARMADEFUEGO."
497,SOLDADO,EJERCITO,INFANTERIA,GUACHOCHI.,CHIHUAHUA,26/02/2017,"COMPAÑIADEINFANTERIANOENCUADRADA","ACCIDENTEAUTOMOVILISTICO"
498,SUBTENIENTE,EJERCITO,INFANTERIA,LA PIEDAD,MICHOACAN,18/03/2017,"BATALLONDEINFANTERIA","ACCIDENTEAUTOMOVILISTICO"
499,SOLDADO,EJERCITO,CABALLERIA,NUEVO LAREDO.,TAMAULIPAS,05/04/2017,"REGIMIENTODECABALLERIAMOTORIZADO","AGRESIONCONARMADEFUEGO."
500,SOLDADO,EJERCITO,POLICIA MILITAR,ACAPULCO,GUERRERO,20/04/2017,"BATALLONDEPOLICIAMILITAR","ACCIDENTECONARMADEFUEGO"
501,CABO,EJERCITO,INFANTERIA,NAVOLATO,SINALOA,29/04/2017,"BATALLONDEINFANTERIA","ACCIDENTEAUTOMOVILISTICO"
502,CABO,EJERCITO,POLICIA MILITAR,"PALMARITO, QUECHOLAC",PUEBLA,03/05/2017,"BATALLONDEPOLICIAMILITAR","AGRESIONCONARMADEFUEGO."
503,SOLDADO,EJERCITO,POLICIA MILITAR,"PALMARITO, QUECHOLAC",PUEBLA,03/05/2017,"BATALLONDEPOLICIAMILITAR","AGRESIONCONARMADEFUEGO."
504,SOLDADO,EJERCITO,INFANTERIA,"PALMARITO, QUECHOLAC",PUEBLA,03/05/2017,"BATALLONDEINFANTERIA","AGRESIONCONARMADEFUEGO."
505,SOLDADO,EJERCITO,INFANTERIA,"PALMARITO, QUECHOLAC",PUEBLA,03/05/2017,"BATALLONDEINFANTERIA","AGRESIONCONARMADEFUEGO."
506,SUBTENIENTE,EJERCITO,ARMA BLINDADA,NAVOLATO,SINALOA,07/06/2017,"REGIMIENTOBLINDADODE RECONOCIMIENTO","ACCIDENTEAUTOMOVILISTICO"
507,CAPITAN 1/o.,EJERCITO,INFANTERIA,SAN MIGUEL TOTOLOAPAN,GUERRERO,10/06/2017,"BATALLONDEPOLICIAMILITAR","ARRASTRADOSPORLACORRIENTE DE UN RIO"
508,SARGENTO 2/o.,EJERCITO,POLICIA MILITAR,SAN MIGUEL TOTOLOAPAN,GUERRERO,10/06/2017,"BATALLONDEPOLICIAMILITAR","ARRASTRADOSPORLACORRIENTE DE UN RIO"
509,SARGENTO 2/o.,EJERCITO,TRANSMISIONES,SAN MIGUEL TOTOLOAPAN,GUERRERO,10/06/2017,"BATALLONDEPOLICIAMILITAR","ARRASTRADOSPORLACORRIENTE DE UN RIO"
510,CABO,EJERCITO,POLICIA MILITAR,SAN MIGUEL TOTOLOAPAN,GUERRERO,10/06/2017,"BATALLONDEPOLICIAMILITAR","ARRASTRADOSPORLACORRIENTE DE UN RIO"
511,SOLDADO,EJERCITO,POLICIA MILITAR,SAN MIGUEL TOTOLOAPAN,GUERRERO,10/06/2017,"BATALLONDEPOLICIAMILITAR","ARRASTRADOSPORLACORRIENTE DE UN RIO"
512,SOLDADO,EJERCITO,POLICIA MILITAR,SAN MIGUEL TOTOLOAPAN,GUERRERO,10/06/2017,"BATALLONDEPOLICIAMILITAR","ARRASTRADOSPORLACORRIENTE DE UN RIO"
"",GRADO,FUERZA ARMADA,ARMA/SERVICIO,LUGAR Y/O MPIO.,ESTADO,FECHA,UNIDAD,TIPO DE EVENTO
513,SOLDADO,EJERCITO,POLICIA MILITAR,SAN MIGUEL TOTOLOAPAN,GUERRERO,10/06/2017,"BATALLONDEPOLICIAMILITAR","ARRASTRADOSPORLACORRIENTE DE UN RIO"
514,SOLDADO,EJERCITO,POLICIA MILITAR,SAN MIGUEL TOTOLOAPAN,GUERRERO,10/06/2017,"BATALLONDEPOLICIAMILITAR","ARRASTRADOSPORLACORRIENTE DE UN RIO"
515,SOLDADO,EJERCITO,INFANTERIA,ACATZINGO,PUEBLA,17/06/2017,"BATALLONDEINFANTERIA","ACCIDENTEAUTOMOVILISTICO"
516,SOLDADO,EJERCITO,INFANTERIA,ACATZINGO,PUEBLA,17/06/2017,"BATALLONDEINFANTERIA","ACCIDENTEAUTOMOVILISTICO"
517,TENIENTE,EJERCITO,CABALLERIA,MUNICIPIO DE DIMAS,SINALOA,25/06/2017,"BATALLONDEPOLICIAMILITAR","ACCIDENTEAUTOMOVILISTICO"
518,CABO,EJERCITO,TRANSMISIONES,MUNICIPIO DE DIMAS,SINALOA,25/06/2017,"BATALLONDEPOLICIAMILITAR","ACCIDENTEAUTOMOVILISTICO"
519,SOLDADO,EJERCITO,INFANTERIA,TLAHUALILO,DURANGO,20/07/2017,"BATALLONDEINFANTERIA","ACCIDENTECONARMADEFUEGO"
520,CABO,EJERCITO,CABALLERIA,SAN FERNANDO,TAMAULIPAS,23/07/2017,"REGIMIENTODECABALLERIAMOTORIZADO","AGRESIONCONARMADEFUEGO."
521,SARGENTO 2/o.,EJERCITO,INFANTERIA,VALLE HERMOSO,TAMAULIPAS,24/07/2017,"BATALLONDEINFANTERIA","AGRESIONCONARMADEFUEGO."
522,SOLDADO,EJERCITO,INFANTERIA,VALLE HERMOSO,TAMAULIPAS,24/07/2017,"BATALLONDEINFANTERIA","AGRESIONCONARMADEFUEGO."
523,CABO,EJERCITO,INFANTERIA,MPIO. DE VALPARAISO,ZACATECAS,01/08/2017,"BATALLONDEINFANTERIA","AGRESIONCONARMADEFUEGO."
524,CABO,EJERCITO,INFANTERIA,MPIO. DE CONCORDIA,SINALOA,18/08/2017,"BATALLONDEINFANTERIA","AGRESIONCONARMADEFUEGO."
525,SOLDADO,EJERCITO,CABALLERIA,CD. REYNOSA,TAMAULIPAS,04/09/2017,"REGIMIENTODECABALLERIAMOTORIZADO","AGRESIONCONARMADEFUEGO."
526,SOLDADO,EJERCITO,POLICIA MILITAR,"MPIO.DESANANTONIOACACHAUTLAN",GUERRERO,16/09/2017,"BATALLONDEPOLICIAMILITAR","AGRESIONCONARMADEFUEGO."
527,CABO,EJERCITO,TRANSMISIONES,MARAVATIO,MICHOACAN,06/10/2017,"REGIMIENTODEARTILLERIA","ACCIDENTEAUTOMOVILISTICO"
528,CABO,EJERCITO,ARTILLERIA,MARAVATIO,MICHOACAN,06/10/2017,"REGIMIENTODEARTILLERIA","ACCIDENTEAUTOMOVILISTICO"
529,CABO,EJERCITO,CONDUCTOR,IXTLAN DEL RIO,NAYARIT,13/10/2017,"REGIMIENTODEARTILLERIA","ACCIDENTEAUTOMOVILISTICO"
530,SOLDADO,EJERCITO,POLICIA MILITAR,CD. OBREGÓN,SONORA,31/10/2017,"BATALLONDEPOLICIAMILITAR",CAIDA
531,TENIENTE,FUERZA AEREA,PILOTO AVIADOR,CHILPANCINGO,GUERRERO,28/11/2017,ESCUADRON AEREO,ACCIDENTE AEREO
"",GRADO,FUERZA ARMADA,ARMA/SERVICIO,LUGAR Y/O MPIO.,ESTADO,FECHA,UNIDAD,TIPO DE EVENTO
532,SOLDADO,EJERCITO,CABALLERIA,MPIO. DE GUSTAVO DÍAZ ORDAZ,TAMAULIPAS,03/01/2018,"REGIMIENTODECABALLERIAMOTORIZADO","AGRESIONCONARMADEFUEGO."
533,CABO,EJERCITO,CABALLERIA,CD. REYNOSA,TAMAULIPAS,23/01/2018,"REGIMIENTODECABALLERIAMOTORIZADO","AGRESIONCONARMADEFUEGO."
534,CABO,EJERCITO,CABALLERIA,CD. REYNOSA,TAMAULIPAS,10/02/2018,"REGIMIENTODECABALLERIAMOTORIZADO","AGRESIONCONARMADEFUEGO."
535,SARGENTO 2/o.,EJERCITO,SANIDAD,MPIO. DE SALVADOR ALVARADO,SINALOA,07/03/2018,"BATALLONDEINFANTERIA","ACCIDENTEAUTOMOVILISTICO"
536,TENIENTE,EJERCITO,INFANTERIA,MPIO. DE COYUCA DE CATALAN,GUERRERO,08/05/2018,"BATALLONDEINFANTERIA","AGRESIONCONARMADEFUEGO."
537,SARGENTO 2/o.,EJERCITO,INFANTERIA,MPIO. DE COYUCA DE CATALAN,GUERRERO,08/05/2018,"BATALLONDEINFANTERIA","AGRESIONCONARMADEFUEGO."
538,CABO,EJERCITO,INFANTERIA,MPIO. DE COYUCA DE CATALAN,GUERRERO,08/05/2018,"BATALLONDEINFANTERIA","AGRESIONCONARMADEFUEGO."
539,SARGENTO 2/o.,EJERCITO,CABALLERIA,NUEVO LAREDO.,TAMAULIPAS,15/07/2018,"BATALLONDECABALLERIA","AGRESIONCONARMADEFUEGO."
540,SUBTENIENTE,EJERCITO,CABALLERIA,NUEVO LAREDO.,TAMAULIPAS,21/08/2018,"BATALLONDECABALLERIA","AGRESIONCONARMADEFUEGO."
541,CAPITAN 2/o.,EJERCITO,INFANTERIA,"UNIONDEISIDOROMONTESDEOCA",GUERRERO,24/08/2018,"BATALLONDEINFANTERIA","AGRESIONCONARMADEFUEGO."
542,CAPITAN 2/o.,EJERCITO,INFANTERIA,BADIRAGUATO,SINALOA,30/09/2018,"BATALLONDEPOLICIAMILITAR","AGRESIONCONARMADEFUEGO."
543,SOLDADO,EJERCITO,INFANTERIA,"HUIMANGUILLO, TAB.",TABASCO,31/12/2018,"BATALLONDEINFANTERIA","AGRESIONCONARMADEFUEGO."
544,CABO,EJERCITO,SANIDAD,NUEVA CD. GUERRERO,TAMAULIPAS,09/01/2019,"REGIMIENTODECABALLERIAMOTORIZADO","AGRESIONCONARMADEFUEGO."
545,SOLDADO,EJERCITO,INFANTERIA,MPIO. DE GUSTAVO DÍAZ ORDAZ,TAMAULIPAS,12/02/2019,"BATALLONDEINFANTERIA","ACCIDENTEAUTOMOVILISTICO"
546,TENIENTE,EJERCITO,CABALLERIA,NUEVO LAREDO.,TAMAULIPAS,16/02/2019,"REGIMIENTODECABALLERIAMOTORIZADO","AGRESIONCONARMADEFUEGO."
547,"TENIENTECORONEL",EJERCITO,INFANTERIA,BUENA VISTA TOMATLAN,MICHOACAN,21/02/2019,"BATALLONDEINFANTERIA","AGRESIONCONARMADEFUEGO."
548,CABO,EJERCITO,INFANTERIA,HUETAMO,MICHOACAN,24/02/2019,"BATALLONDEINFANTERIA",AHOGADO
549,CABO,EJERCITO,CONDUCTOR,"COL.JARAPILLO,MPIO.DEMAZATLAN, SIN.",SINALOA,25/05/2019,"BATALLONDEPOLICIAMILITAR","ACCIDENTEAUTOMOVILISTICO"
550,SOLDADO,EJERCITO,POLICIA MILITAR,"COL.JARAPILLO,MPIO.DEMAZATLAN, SIN.",SINALOA,28/05/2019,"BATALLONDEPOLICIAMILITAR","ACCIDENTEAUTOMOVILISTICO"
"",GRADO,FUERZA ARMADA,ARMA/SERVICIO,LUGAR Y/O MPIO.,ESTADO,FECHA,UNIDAD,TIPO DE EVENTO
551,SOLDADO,EJERCITO,CABALLERIA,"“PRESAINTERNACIONALFALCÓN”,UBICADAENCD.GUERRERO,TAMPS.",TAMAULIPAS,28/06/2019,"REGIMIENTODECABALLERIAMOTORIZADO",AHOGADO
552,CABO,EJERCITO,ARTILLERIA,"MPIO. DE MONTEMORELOS, N.L.",NUEVO LEON,23/07/2019,GRUPO DE CAÑONES,"ACCIDENTEAUTOMOVILISTICO"
553,CORONEL,EJERCITO,INFANTERIA,"MPIO. DE ZIRACURETIRO, MICH.",MICHOACAN,01/09/2019,"CUERPO DE CABALLERIADE DEFENSAS RURALES","AGRESIONCONARMADEFUEGO."
554,SARGENTO 2/o.,EJERCITO,CABALLERIA,"MPIO.DELEONARDODEBRAVO,GRO.",GUERRERO,26/09/2019,"REGIMIENTODECABALLERIAMOTORIZADO","AGRESIONCONARMADEFUEGO."
555,CABO,EJERCITO,ARTILLERIA,"MPIO.DELEONARDODEBRAVO,GRO.",GUERRERO,26/09/2019,"REGIMIENTODECABALLERIAMOTORIZADO","AGRESIONCONARMADEFUEGO."
556,CABO,EJERCITO,ARTILLERIA,"MPIO.DELEONARDODEBRAVO,GRO.",GUERRERO,26/09/2019,"REGIMIENTODECABALLERIAMOTORIZADO","AGRESIONCONARMADEFUEGO."
557,CAPITAN 2/o.,FUERZA AEREA,PILOTO AVIADOR,"MPIO. DE TAMAZULA, DGO.",DURANGO,03/10/2019,ESCUADRON AEREO,ACCIDENTE AEREO
558,TENIENTE,EJERCITO,CABALLERIA,"MPIO. DE MIGUEL ALEMÁN, TAMPS.",TAMAULIPAS,05/10/2019,"REGIMIENTODECABALLERIAMOTORIZADO","AGRESIONCONARMADEFUEGO."
559,CABO,EJERCITO,INFANTERIA,"MPIO. DE IGUALA, GRO.",GUERRERO,05/10/2019,"BATALLONDEINFANTERIA","AGRESIONCONARMADEFUEGO."
560,SOLDADO,EJERCITO,CABALLERIA,"MPIO. DE NUEVO LAREDO, TAMPS.",TAMAULIPAS,15/11/2019,"REGIMIENTODECABALLERIAMOTORIZADO","AGRESIONCONARMADEFUEGO."
561,SOLDADO,EJERCITO,CABALLERIA,"MPIO. DE NUEVO LAREDO, TAMPS.",TAMAULIPAS,15/11/2019,"REGIMIENTODECABALLERIAMOTORIZADO","AGRESIONCONARMADEFUEGO."
562,CABO,EJERCITO,INFANTERIA,"MPIO. DE HUIMANGUILLO, TAB.",TABASCO,29/11/2019,"BATALLONDEINFANTERIA",EXPLOSION DE UNA PIPA
563,CABO,EJERCITO,CABALLERIA,"MPIO. DE CHETUMAL, Q. ROO",QUINTANA ROO,27/01/2020,"REGIMIENTODECABALLERIAMOTORIZADO","AGRESIONCONARMADEFUEGO."
564,CABO,EJERCITO,CABALLERIA,"MPIO. DE IRAPUATO, GTO.",GUANAJUATO,04/03/2020,"BATALLONDEFUERZASESPECIALES","ACCIDENTEAUTOMOVILISTICO"
565,CABO,EJERCITO,CABALLERIA,"MPIO. DE VALLE HERMOSO, TAMPS.",TAMAULIPAS,30/03/2020,"REGIMIENTODECABALLERIAMOTORIZADO","AGRESIONCONARMADEFUEGO."
566,SARGENTO 2/o.,EJERCITO,INFANTERIA,"MPIO. DE ALAMOS, SON.",SONORA,23/04/2020,"BATALLONDEINFANTERIA","ACCIDENTEAUTOMOVILISTICO"
567,CABO,EJERCITO,INFANTERIA,"MPIO. DE NUEVO LAREDO, TAMPS.",TAMAULIPAS,07/07/2020,"BATALLONDEINFANTERIA","AGRESIONCONARMADEFUEGO."
568,SOLDADO,EJERCITO,INFANTERIA,"MPIO. DE TOMATLÁN, JAL.",JALISCO,02/09/2020,"BATALLONDEINFANTERIA","AGRESIONCONARMADEFUEGO."
569,CABO,EJERCITO,CABALLERIA,"MPIO. DE NUEVO LAREDO, TAMPS.",TAMAULIPAS,22/09/2020,"REGIMIENTODECABALLERIAMOTORIZADO","AGRESIONCONARMADEFUEGO."
"",GRADO,FUERZA ARMADA,ARMA/SERVICIO,LUGAR Y/O MPIO.,ESTADO,FECHA,UNIDAD,TIPO DE EVENTO
570,CABO,EJERCITO,INFANTERIA,"MPIO. DE SONOYTA, SON.",SONORA,06/10/2020,"COMPAÑIADEINFANTERIANOENCUADRADA","ACCIDENTEAUTOMOVILISTICO"
571,SOLDADO,EJERCITO,CABALLERIA,"MPIO. DE NVO. LAREDO, TAMPS.",TAMAULIPAS,09/11/2020,"REGIMIENTODECABALLERIAMOTORIZADO","AGRESIONCONARMADEFUEGO."
572,SOLDADO,EJERCITO,INFANTERIA,"MPIO. DE LA PIEDAD, MICH.",MICHOACAN,18/02/2021,"BATALLONDEINFANTERIA","AGRESIONCONARMADEFUEGO."
573,MAYOR,EJERCITO,SANIDAD,"MPIO. DE EMILIANO ZAPATA, VER.",VERACRUZ,21/02/2021,HOSP. CNTL. MIL.,ACCIDENTE AEREO
574,CAPITAN 1/o.,EJERCITO,SANIDAD,"MPIO. DE EMILIANO ZAPATA, VER.",VERACRUZ,21/02/2021,HOSP. CNTL. MIL.,ACCIDENTE AEREO
575,CAPITAN 2/o.,FUERZA AEREA,PILOTO AVIADOR,"MPIO. DE EMILIANO ZAPATA, VER.",VERACRUZ,21/02/2021,UNIDAD ESPL. TPTE. AR.,ACCIDENTE AEREO
576,TENIENTE,EJERCITO,INFANTERIA,"MPIO. DE EMILIANO ZAPATA, VER.",VERACRUZ,21/02/2021,"AYDTIA.GRAL.C.SRIO.DEF. NAL.",ACCIDENTE AEREO
577,TENIENTE,FUERZA AEREA,PILOTO AVIADOR,"MPIO. DE EMILIANO ZAPATA, VER.",VERACRUZ,21/02/2021,UNIDAD ESPL. TPTE. AR.,ACCIDENTE AEREO
578,SARGENTO 2/o.,FUERZA AEREA,PILOTO AVIADOR,"MPIO. DE EMILIANO ZAPATA, VER.",VERACRUZ,21/02/2021,UNIDAD ESPL. TPTE. AR.,ACCIDENTE AEREO
579,SOLDADO,EJERCITO,CABALLERIA,"MPIO. DE CABORCA, SON.",SONORA,18/04/2021,"REGIMIENTODECABALLERIAMOTORIZADO","AGRESIONCONARMADEFUEGO."
580,SOLDADO,EJERCITO,INFANTERIA,"MPIO. DE AGUILILLA, MICH.",MICHOACAN,15/05/2021,"BATALLONDEINFANTERIA","AGRESIONCONARMADEFUEGO."
581,SOLDADO,EJERCITO,INFANTERIA,"MPIO. DE AGUILILLA, MICH.",MICHOACAN,15/05/2021,"BATALLONDEINFANTERIA","AGRESIONCONARMADEFUEGO."
582,SOLDADO,EJERCITO,CABALLERIA,"MPIO. DE TIJUANA, B.C.",BAJA CALIFORNIA,26/06/2021,"REGIMIENTODECABALLERIAMOTORIZADO","ACCIDENTEAUTOMOVILISTICO"
583,CABO,EJERCITO,INFANTERIA,"MPIO. DE EMPALME, SON.",SONORA,06/08/2021,"BATALLONDEINFANTERIA","AGRESIONCONARMADEFUEGO."
584,CABO,EJERCITO,CABALLERIA,"MPIO. DE NUEVO LAREDO, TAMPS.",TAMAULIPAS,14/08/2021,"REGIMIENTODECABALLERIAMOTORIZADO","AGRESIONCONARMADEFUEGO."
585,SOLDADO,EJERCITO,INFANTERIA,"MPIO. DE TANGAMANDAPIO, MICH.",MICHOACAN,20/08/2021,"BATALLONDEINFANTERIA","AGRESIONCONARMADEFUEGO."
586,SOLDADO,EJERCITO,POLICIA MILITAR,"MPIO. DE GRAL. BRAVO, N.L.",NUEVO LEON,05/09/2021,"BATALLONDEPOLICIAMILITAR","ACCIDENTEAUTOMOVILISTICO"
587,CAPITAN 1/o.,FUERZA AEREA,"ABASTECEDORDEMATERIAL AEREO","MPIO.DENVO.CASASGRANDES,CHIH.",CHIHUAHUA,13/09/2021,"POLICIAMINISTERIALMLIITAR","AGRESIONCONARMADEFUEGO."
588,SOLDADO,EJERCITO,POLICIA MILITAR,"MPIO. DE NVO. LAREDO, TAMPS.",TAMAULIPAS,19/09/2021,"BATALLONDEPOLICIAMILITAR","ACCIDENTEAUTOMOVILISTICO"
"",GRADO,FUERZA ARMADA,ARMA/SERVICIO,LUGAR Y/O MPIO.,ESTADO,FECHA,UNIDAD,TIPO DE EVENTO
589,SOLDADO,EJERCITO,POLICIA MILITAR,"ALCALDÍA TLALPAN, CD. MÉX.",CIUDAD DE MÉXICO,01/10/2021,"BATALLONDEPOLICIAMILITAR","ACCIDENTEAUTOMOVILISTICO"
590,SOLDADO,EJERCITO,INFANTERIA,"MPIO. DE SANTIAGO PAPASQUIARO,DGO.",DURANGO,04/10/2021,"BATALLONDEINFANTERIA","ACCIDENTEAUTOMOVILISTICO"
591,SOLDADO,EJERCITO,INFANTERIA,"MPIO. DE VILLA DE COS, ZAC.",ZACATECAS,09/10/2021,"BATALLONDEINFANTERIA","AGRESIONCONARMADEFUEGO."
592,SOLDADO,EJERCITO,INFANTERIA,"MPIO. DE NUEVO LAREDO, TAMPS.",TAMAULIPAS,11/11/2021,"BATALLONDEINFANTERIA","AGRESIONCONARMADEFUEGO."
593,CABO,EJERCITO,INFANTERIA,"MPIO. DE CD. LERDO, DGO.",DURANGO,14/11/2021,"BATALLONDEINFANTERIA","ACCIDENTEAUTOMOVILISTICO"
594,SOLDADO,EJERCITO,INFANTERIA,"MPIO. DE CD. LERDO, DGO.",DURANGO,14/11/2021,"BATALLONDEINFANTERIA","ACCIDENTEAUTOMOVILISTICO"
595,SOLDADO,EJERCITO,INFANTERIA,"MPIO. DE CD. LERDO, DGO.",DURANGO,14/11/2021,"BATALLONDEINFANTERIA","ACCIDENTEAUTOMOVILISTICO"
596,SOLDADO,EJERCITO,INFANTERIA,"MPIO. DE CD. LERDO, DGO.",DURANGO,14/11/2021,"BATALLONDEINFANTERIA","ACCIDENTEAUTOMOVILISTICO"
597,SOLDADO,EJERCITO,INFANTERIA,"MPIO. DE CD. LERDO, DGO.",DURANGO,14/11/2021,"BATALLONDEINFANTERIA","ACCIDENTEAUTOMOVILISTICO"
598,CABO,EJERCITO,CABALLERIA,"MPIO. DE NUEVO LAREDO, TAMPS.",TAMAULIPAS,10/12/2021,"REGIMIENTODECABALLERIAMOTORIZADO","AGRESIONCONARMADEFUEGO."
599,CABO,EJERCITO,CABALLERIA,"MPIO. DE NUEVO LAREDO, TAMPS.",TAMAULIPAS,10/12/2021,"REGIMIENTODECABALLERIAMOTORIZADO","AGRESIONCONARMADEFUEGO."
600,SOLDADO,EJERCITO,POLICIA MILITAR,"MPIO. DE APODACA, N.L.",NUEVO LEON,30/12/2021,"BATALLONDEPOLICIAMILITAR","AGRESIONCONARMADEFUEGO."
601,SOLDADO,EJERCITO,CABALLERIA,"MPIO. DE ALTAR, SON.",SONORA,06/01/2022,"REGIMIENTODECABALLERIAMOTORIZADO","AGRESIONCONARMADEFUEGO."
602,SOLDADO,EJERCITO,POLICIA MILITAR,"MPIO. DE ZINAPECUARO, MICH.",MICHOACAN,15/01/2022,"BATALLONDEPOLICIAMILITAR","AGRESIONCONARMADEFUEGO."
603,SOLDADO,EJERCITO,POLICIA MILITAR,"MPIO. DE JEREZ, ZAC.",ZACATECAS,19/02/2022,"BATALLONDEPOLICIAMILITAR","AGRESIONCONARMADEFUEGO."
604,SOLDADO,EJERCITO,POLICIA MILITAR,"MPIO. DE PARACHO, MICH.",MICHOACAN,20/02/2022,"BATALLONDEPOLICIAMILITAR","ACCIDENTECONARMADEFUEGO"
605,CABO,EJERCITO,CABALLERIA,"MPIO. DE EL ROSARIO, SIN.",SINALOA,27/02/2022,"BATALLONDEFUERZASESPECIALES","ACCIDENTEAUTOMOVILISTICO"
606,CABO,EJERCITO,TRANSMISIONES,"MPIO. DE CABORCA, SON.",SONORA,03/03/2022,"BATALLONDEINFANTERIA","AGRESIONCONARMADEFUEGO."
607,SOLDADO,EJERCITO,CABALLERIA,"MPIO. DE CD. MIER, TAMPS.",TAMAULIPAS,14/03/2022,"REGIMIENTODECABALLERIAMOTORIZADO","AGRESIONCONARMADEFUEGO."
"",GRADO,FUERZA ARMADA,ARMA/SERVICIO,LUGAR Y/O MPIO.,ESTADO,FECHA,UNIDAD,TIPO DE EVENTO
608,CABO,EJERCITO,INFANTERIA,"MPIO. DE CULIACAN, SIN.",SINALOA,28/03/2022,"BATALLONDEINFANTERIA","AGRESIONCONARMADEFUEGO."
609,SARGENTO 2/o.,EJERCITO,CABALLERIA,"MPIO. DE MEXICALI, B.C.",BAJA CALIFORNIA,17/04/2022,"REGIMIENTODECABALLERIAMOTORIZADO","ACCIDENTEAUTOMOVILISTICO"
610,SOLDADO,EJERCITO,TRANSMISIONES,"MPIO. DE ATITALAQUIA, HGO.",HIDALGO,18/04/2022,"BATALLONDEINFANTERIA","ACCIDENTEAUTOMOVILISTICO"
611,CABO,EJERCITO,POLICIA MILITAR,"MPIO. DE TEOCALTICHE, JAL.",JALISCO,16/05/2022,"BATALLONDEPOLICIAMILITAR","AGRESIONCONARMADEFUEGO."
612,CABO,EJERCITO,POLICIA MILITAR,"MPIO. DE TEOCALTICHE, JAL.",JALISCO,16/05/2022,"BATALLONDEPOLICIAMILITAR","AGRESIONCONARMADEFUEGO."
613,SOLDADO,EJERCITO,POLICIA MILITAR,"MPIO. DE TEOCALTICHE, JAL.",JALISCO,16/05/2022,"BATALLONDEPOLICIAMILITAR","AGRESIONCONARMADEFUEGO."
614,SOLDADO,EJERCITO,SANIDAD,"MPIO. DE URUACHI, CHIH.",CHIHUAHUA,16/05/2022,"BATALLONDEINFANTERIA","ACCIDENTEAUTOMOVILISTICO"
615,SOLDADO,EJERCITO,INFANTERIA,"MPIO. DE NUEVO LAREDO, TAMPS.",TAMAULIPAS,23/06/2022,"BATALLONDEINFANTERIA",ATROPELLADO
616,SARGENTO 2/o.,EJERCITO,INFANTERIA,"MPIO. DE ALTAR, SON.",SONORA,02/07/2022,"BATALLONDEINFANTERIA","AGRESIONCONARMADEFUEGO."
617,SOLDADO,EJERCITO,INFANTERIA,"MPIO.DESANBARTOLOMELOXICHA, OAX.",OAXACA,13/07/2022,"BATALLONDEINFANTERIA","ACCIDENTEAUTOMOVILISTICO"
618,SOLDADO,EJERCITO,INFANTERIA,"MPIO. DE APULCO, ZAC.",ZACATECAS,24/08/2022,"BATALLONDEINFANTERIA","AGRESIONCONARMADEFUEGO."
619,CABO,EJERCITO,INFANTERIA,"MPIO. DE OJINAGA, CHIH.",CHIHUAHUA,23/10/2022,"GRUPODEINFANTERIAMOTORIZADO","AGRESIONCONARMADEFUEGO."
620,TENIENTE,EJERCITO,INFANTERIA,"MPIO. DE JIMENEZ, TAMPS.",TAMAULIPAS,06/11/2022,"BATALLONDEINFANTERIA","ACCIDENTEAUTOMOVILISTICO"
621,SARGENTO 1/o.,EJERCITO,INFANTERIA,"MPIO. DE JIMENEZ, TAMPS.",TAMAULIPAS,06/11/2022,"BATALLONDEINFANTERIA","ACCIDENTEAUTOMOVILISTICO"
622,CABO,EJERCITO,INFANTERIA,"MPIO. DE JIMENEZ, TAMPS.",TAMAULIPAS,06/11/2022,"BATALLONDEINFANTERIA","ACCIDENTEAUTOMOVILISTICO"
623,CABO,EJERCITO,CONDUCTOR,"MPIO. DE JIMENEZ, TAMPS.",TAMAULIPAS,06/11/2022,"BATALLONDEINFANTERIA","ACCIDENTEAUTOMOVILISTICO"
624,SOLDADO,EJERCITO,INFANTERIA,"MPIO. DE JIMENEZ, TAMPS.",TAMAULIPAS,06/11/2022,"BATALLONDEINFANTERIA","ACCIDENTEAUTOMOVILISTICO"
625,SOLDADO,EJERCITO,INFANTERIA,"MPIO. DE JIMENEZ, TAMPS.",TAMAULIPAS,06/11/2022,"BATALLONDEINFANTERIA","ACCIDENTEAUTOMOVILISTICO"
626,SOLDADO,EJERCITO,INFANTERIA,"MPIO. DE JIMENEZ, TAMPS.",TAMAULIPAS,06/11/2022,"BATALLONDEINFANTERIA","ACCIDENTEAUTOMOVILISTICO"
"",GRADO,FUERZA ARMADA,ARMA/SERVICIO,LUGAR Y/O MPIO.,ESTADO,FECHA,UNIDAD,TIPO DE EVENTO
627,"GENERALBRIGADIER",EJERCITO,,"MPIO. DE PINOS, ZAC.",ZACATECAS,24/11/2022,"CUERPODEPOLICIAMILITAR","AGRESIONCONARMADEFUEGO."
628,SARGENTO 2/o.,EJERCITO,"ELECTRICISTAAUTOMOTRIZ","MPIO. DE MEZQUITIC, JAL.",JALISCO,24/11/2022,"BATALLONDEINFANTERIA","ACCIDENTEAUTOMOVILISTICO"
629,SOLDADO,EJERCITO,INFANTERIA,"MPIO. DE NUEVO LAREDO, TAMPS.",TAMAULIPAS,07/12/2022,"BATALLONDEINFANTERIA","AGRESIONCONARMADEFUEGO."
630,CORONEL,EJERCITO,"INFANTERIADIPLOMADODE ESTADO MAYOR","MPIO. DE CULIACAN, SIN.",SINALOA,05/01/2023,"BATALLONDEINFANTERIA","AGRESIONCONARMADEFUEGO."
631,MAYOR,EJERCITO,INFANTERIA,"MPIO. DE CULIACAN, SIN.",SINALOA,05/01/2023,"FUERZA ESPECIAL DE LABRIGADADEFUSILEROSPARACAIDISTAS","AGRESIONCONARMADEFUEGO."
632,CAPITAN 1/o.,EJERCITO,INFANTERIA,"MPIO. DE CULIACAN, SIN.",SINALOA,05/01/2023,"FUERZAESPECIALDEREACCION","AGRESIONCONARMADEFUEGO."
633,CAPITAN 2/o.,EJERCITO,INFANTERIA,"MPIO. DE CULIACAN, SIN.",SINALOA,05/01/2023,"FUERZAESPECIALDEREACCION","AGRESIONCONARMADEFUEGO."
634,CAPITAN 2/o.,EJERCITO,CABALLERIA,"MPIO. DE CULIACAN, SIN.",SINALOA,05/01/2023,"FUERZAESPECIALDEREACCION","AGRESIONCONARMADEFUEGO."
635,TENIENTE,EJERCITO,INFANTERIA,"MPIO. DE CULIACAN, SIN.",SINALOA,05/01/2023,"FUERZAESPECIALDEREACCION","AGRESIONCONARMADEFUEGO."
636,SARGENTO 2/o.,EJERCITO,INFANTERIA,"MPIO. DE CULIACAN, SIN.",SINALOA,05/01/2023,"FUERZAESPECIALDEREACCION","AGRESIONCONARMADEFUEGO."
637,SARGENTO 2/o.,FUERZA AEREA,FUSILERO PARACAIDISTA,"MPIO. DE CULIACAN, SIN.",SINALOA,05/01/2023,"FUERZA ESPECIAL DE LABRIGADADEFUSILEROSPARACAIDISTAS","AGRESIONCONARMADEFUEGO."
638,SOLDADO,EJERCITO,INFANTERIA,"MPIO. DE CULIACAN, SIN.",SINALOA,05/01/2023,"BATALLONDEINFANTERIA","AGRESIONCONARMADEFUEGO."
639,SOLDADO,EJERCITO,POLICIA MILITAR,"MPIO. DE CULIACAN, SIN.",SINALOA,05/01/2023,"BATALLONDEPOLICIAMILITAR","AGRESIONCONARMADEFUEGO."
640,SOLDADO,EJERCITO,POLICIA MILITAR,"MPIO. DE CHARCAS, S.L.P.",SAN LUIS POTOSÍ,07/01/2023,"BATALLONDEOPERACIONESESPECIALES","AGRESIONCONARMADEFUEGO."
641,SOLDADO,EJERCITO,POLICIA MILITAR,"MPIO. DE CHARCAS, S.L.P.",SAN LUIS POTOSÍ,07/01/2023,"BATALLONDEOPERACIONESESPECIALES","AGRESIONCONARMADEFUEGO."
642,SOLDADO,EJERCITO,TRANSMISIONES,"MPIO. DE CHARCAS, S.L.P.",SAN LUIS POTOSÍ,07/01/2023,"BATALLONDEINFANTERIA","AGRESIONCONARMADEFUEGO."
643,SOLDADO,EJERCITO,CABALLERIA,"MPIO. DE MIGUEL ALEMÁN, TAMPS.",TAMAULIPAS,09/01/2023,"REGIMIENTODECABALLERIAMOTORIZADO","AGRESIONCONARMADEFUEGO."
644,CORONEL,EJERCITO,"INFANTERIADIPLOMADODE ESTADO MAYOR","MPIO. DE COALCOMÁN, MICH.",MICHOACAN,20/01/2023,"BATALLONDEINFANTERIA","AGRESIONCONARMADEFUEGO."
645,SOLDADO,EJERCITO,POLICIA MILITAR,"MPIO. DE LA CANDELARIA, OAX.",OAXACA,21/01/2023,"BATALLONDEPOLICIAMILITAR","ACCIDENTEAUTOMOVILISTICO"
"",GRADO,FUERZA ARMADA,ARMA/SERVICIO,LUGAR Y/O MPIO.,ESTADO,FECHA,UNIDAD,TIPO DE EVENTO
646,CABO,EJERCITO,POLICIA MILITAR,"MPIO. DE SAN IGNACIO, SIN.",SINALOA,31/01/2023,"BATALLONDEPOLICIAMILITAR","ACCIDENTEAUTOMOVILISTICO"
647,SOLDADO,EJERCITO,POLICIA MILITAR,"MPIO. DE CELAYA, GTO.",GUANAJUATO,31/01/2023,"BATALLONDEPOLICIAMILITAR","ACCIDENTEAUTOMOVILISTICO"
648,SOLDADO,EJERCITO,POLICIA MILITAR,"MPIO. DE CELAYA, GTO.",GUANAJUATO,31/01/2023,"BATALLONDEPOLICIAMILITAR","ACCIDENTEAUTOMOVILISTICO"
649,CABO,EJERCITO,INFANTERIA,"MPIO. DE FRESNILLO, ZAC.",ZACATECAS,24/02/2023,"BATALLONDEINFANTERIA","AGRESIONCONARMADEFUEGO."
650,SOLDADO,EJERCITO,INFANTERIA,"MPIO. DE FRESNILLO, ZAC.",ZACATECAS,24/02/2023,"BATALLONDEINFANTERIA","AGRESIONCONARMADEFUEGO."
651,SOLDADO,EJERCITO,INFANTERIA,"MPIO. DE VILLA DE RAMOS, S.L.P.",SAN LUIS POTOSÍ,09/03/2023,"BATALLONDEINFANTERIA","AGRESIONCONARMADEFUEGO."
652,CABO,EJERCITO,INFANTERIA,"MPIO.DECOYUCADECATALAN,GRO.",GUERRERO,17/03/2023,"BATALLONDEINFANTERIA","AGRESIONCONARMADEFUEGO."
653,SOLDADO,EJERCITO,INFANTERIA,"MPIO.DECOYUCADECATALAN,GRO.",GUERRERO,17/03/2023,"BATALLONDEINFANTERIA","AGRESIONCONARMADEFUEGO."
654,SARGENTO 2/o.,EJERCITO,POLICIA MILITAR,"MPIO.DETEPATITLANDEMORELOS, JAL.",JALISCO,22/03/2023,"BATALLONDEPOLICIAMILITAR","AGRESIONCONARMADEFUEGO."
655,CABO,EJERCITO,TRANSMISIONES,"MPIO. DE REFORMA, CHIS.",CHIAPAS,03/04/2023,"CUARTELGENERALDEZONA MILITAR","AGRESIONCONARMADEFUEGO."
656,SOLDADO,EJERCITO,INFANTERIA,"MPO. DE TAMAZULA, DGO.",DURANGO,15/04/2023,"BATALLONDEINFANTERIA","ACCIDENTEAUTOMOVILISTICO"
657,SOLDADO,EJERCITO,INFANTERIA,"MPO. DE TAMAZULA, DGO.",DURANGO,15/04/2023,"BATALLONDEINFANTERIA","ACCIDENTEAUTOMOVILISTICO"
658,SOLDADO,EJERCITO,INFANTERIA,"MPO. DE TAMAZULA, DGO.",DURANGO,15/04/2023,"BATALLONDEINFANTERIA","ACCIDENTEAUTOMOVILISTICO"
659,CABO,EJERCITO,INFANTERIA,"MPO. DE TAMAZULA, DGO.",DURANGO,15/04/2023,"BATALLONDEINFANTERIA","ACCIDENTEAUTOMOVILISTICO"
660,SOLDADO,EJERCITO,POLICIA MILITAR,"MPO. DE IRAPUATO, DGO.",GUANAJUATO,02/04/2023,"BATALLONDEPOLICIAMILITAR",AHOGADO
661,SOLDADO,EJERCITO,TRANSMISIONES,"MPO. DE MARAVATIO, DGO.",MICHOACAN,24/04/2023,"BATALLONDEINFANTERIA","AGRESIONCONARMADEFUEGO."
662,SOLDADO,EJERCITO,SANIDAD,"MPIO.DESANTACATARINAJUQUILA, OAX.",OAXACA,27/04/2023,"BATALLONDEPOLICIAMILITAR","ACCIDENTEAUTOMOVILISTICO"
663,SARGENTO 2/o.,EJERCITO,POLICIA MILITAR,"MPIO. DE VILLAGRAN, GTO.",GUANAJUATO,06/05/2023,"BATALLONDEPOLICIAMILITAR",ATROPELLADO
664,CABO,EJERCITO,CABALLERIA,"MPIO. DE NUEVO LAREDO, TAMPS.",TAMAULIPAS,16/05/2023,"REGIMIENTODECABALLERIAMOTORIZADO","ACCIDENTEAUTOMOVILISTICO"
"",GRADO,FUERZA ARMADA,ARMA/SERVICIO,LUGAR Y/O MPIO.,ESTADO,FECHA,UNIDAD,TIPO DE EVENTO
665,SARGENTO 2/o.,EJERCITO,CABALLERIA,"MPIO. DE NUEVO LAREDO, TAMPS.",TAMAULIPAS,16/05/2023,"REGIMIENTODECABALLERIAMOTORIZADO","ACCIDENTEAUTOMOVILISTICO"
666,CABO,EJERCITO,CABALLERIA,"MPIO. DE TRINCHERAS, SON.",SONORA,06/05/2023,"REGIMIENTODECABALLERIAMOTORIZADO","AGRESIONCONARMADEFUEGO."
667,CABO,EJERCITO,POLICIA MILITAR,"MPIO. DE SAN JUAN DE LOS LAGOS,JAL.",JALISCO,20/05/2023,"BATALLONDEPOLICIAMILITAR","AGRESIONCONARMADEFUEGO."
668,SARGENTO 2/o.,EJERCITO,POLICIA MILITAR,"MPIO. DE SAN JUAN DE LOS LAGOS,JAL.",JALISCO,20/05/2023,"COMPAÑIADEPOLICIAMILITARDESEGURIDADAVÍASDECOMUNICACION","AGRESIONCONARMADEFUEGO."
669,SOLDADO,EJERCITO,SANIDAD,"MPIO. DE TAMUIN, S.L.P.",SAN LUIS POTOSÍ,30/05/2023,"BATALLONDEINFANTERIA","AGRESIONCONARMADEFUEGO."
670,SOLDADO,EJERCITO,INFANTERIA,"MPIO. DE TAMUIN, S.L.P.",SAN LUIS POTOSÍ,30/05/2023,"BATALLONDEINFANTERIA","AGRESIONCONARMADEFUEGO."
671,CABO,EJERCITO,INFANTERIA,"MPIO. DE CULIACAN, SIN.",SINALOA,11/06/2023,"BATALLONDEINFANTERIA","AGRESIONCONARMADEFUEGO."
672,SOLDADO,EJERCITO,INFANTERIA,"MPIO. DE CULIACAN, SIN.",SINALOA,11/06/2023,"BATALLONDEINFANTERIA","AGRESIONCONARMADEFUEGO."
673,CABO,EJERCITO,SANIDAD,"MPIO. DE OCOZOCOAUTLA, CHIS.",CHIAPAS,19/06/2023,"BATALLONDEPOLICIAMILITAR","AGRESIONCONARMADEFUEGO."
674,SOLDADO,EJERCITO,POLICIA MILITAR,"MPIO.DEZACAZONAPAN,EDO.MÉX.",ESTADO DE MEXICO,06/07/2023,"BATALLONDEOPERACIONESESPECIALES","AGRESIONCONARMADEFUEGO."
675,CABO,EJERCITO,CABALLERIA,"MPIO. DE NUEVO LAREDO, TAMPS.",TAMAULIPAS,12/07/2023,"REGIMIENTODECABALLERIAMOTORIZADO","AGRESIONCONARMADEFUEGO."
676,SUBTENIENTE,EJERCITO,CABALLERIA,"MPIO. DE MIGUEL ALEMÁN, TAMPS.",TAMAULIPAS,22/07/2023,"REGIMIENTODECABALLERIAMOTORIZADO","AGRESIONCONARMADEFUEGO."
677,CABO,EJERCITO,INFANTERIA,"MPIO. DE PETATLAN, GRO.",GUERRERO,13/08/2023,"BATALLONDEINFANTERIA","AGRESIONCONARMADEFUEGO."
678,SOLDADO,EJERCITO,POLICIA MILITAR,"MPIO. DE TIJUANA, B.C.",BAJA CALIFORNIA,04/09/2023,"BATALLONDEPOLICIAMILITAR","AGRESIONCONARMADEFUEGO."
679,SUBTENIENTE,EJERCITO,INFANTERIA,"MPIO. DE TAMAZULA, DGO.",DURANGO,28/09/2023,"BATALLONDEINFANTERIA","ACCIDENTEAUTOMOVILISTICO"
680,SARGENTO 2/o.,EJERCITO,CONDUCTOR,"MPIO. DE TAMAZULA, DGO.",DURANGO,28/09/2023,"BATALLONDEINFANTERIA","ACCIDENTEAUTOMOVILISTICO"
681,CABO,EJERCITO,SANIDAD,"MPIO. DE PENJAMO, GTO.",GUANAJUATO,30/09/2023,"BATALLONDEINFANTERIA","ACCIDENTEAUTOMOVILISTICO"
682,SOLDADO,EJERCITO,TRANSMISIONES,"MPIO. DE PENJAMO, GTO.",GUANAJUATO,30/09/2023,"BATALLONDEINFANTERIA","ACCIDENTEAUTOMOVILISTICO"
683,SOLDADO,EJERCITO,INFANTERIA,"MPIO. DE CULIACAN, SIN.",SINALOA,03/10/2023,"BATALLONDEINFANTERIA",GOLPE DE CALOR
"",GRADO,FUERZA ARMADA,ARMA/SERVICIO,LUGAR Y/O MPIO.,ESTADO,FECHA,UNIDAD,TIPO DE EVENTO
684,SOLDADO,EJERCITO,INFANTERIA,"MPIO. DE SINALOA DE LEYVA, SIN.",SINALOA,12/10/2023,"BATALLONDEINFANTERIA","ACCIDENTEAUTOMOVILISTICO"
685,CAPITAN 2/o.,FUERZA AEREA,PILOTO AVIADOR,"MPIO. DE TOPIA, DGO.",DURANGO,12/10/2023,ESCUADRON AEREO,ACCIDENTE AEREO
686,TENIENTE,FUERZA AEREA,PILOTO AVIADOR,"MPIO. DE TOPIA, DGO.",DURANGO,12/10/2023,ESCUADRON AEREO,ACCIDENTE AEREO
687,SARGENTO 2/o.,FUERZA AEREA,"ESPECIALISTADEMANTENIMIENTODEAVIACION","MPIO. DE TOPIA, DGO.",DURANGO,12/10/2023,ESCUADRON AEREO,ACCIDENTE AEREO
688,SARGENTO 2/o.,EJERCITO,CABALLERIA,"MPIO. DE LEONARDO BRAVO, GRO.",GUERRERO,20/10/2023,"REGIMIENTODECABALLERIAMOTORIZADO","ACCIDENTEAUTOMOVILISTICO"
689,SOLDADO,EJERCITO,INFANTERIA,"MPIO. DE TEPETONGO, ZAC.",ZACATECAS,29/10/2023,"BATALLONDEINFANTERIA","AGRESIONCONARMADEFUEGO."
690,CABO,EJERCITO,CABALLERIA,"MPIO. DE SAN MIGUEL TOTOLAPAN,GRO.",GUERRERO,29/10/2023,"REGIMIENTODECABALLERIAMOTORIZADO","AGRESIONCONARMADEFUEGO."
691,SARGENTO 2/o.,EJERCITO,INFANTERIA,"MPIO. DE OQUITOA, SON.",SONORA,31/10/2023,"BATALLONDEFUERZASESPECIALES","AGRESIONCONARMADEFUEGO."
